Goshimmer_Router;0.00%;0.01%;780KiB / 7.646GiB;2;13.1kB / 1.52kB;0B / 0B;0;2
Clients_Router_1;0.00%;0.01%;788KiB / 7.646GiB;2;17kB / 1.52kB;0B / 0B;0;2
Gateways_Router_1;0.00%;0.01%;780KiB / 7.646GiB;2;20.7kB / 1.52kB;0B / 0B;0;2
Server;0.00%;0.01%;800KiB / 7.646GiB;2;13.5kB / 736B;0B / 0B;0;2
Goshimmer_Router;0.00%;0.01%;780KiB / 7.646GiB;2;13.2kB / 1.52kB;0B / 0B;0;2
Clients_Router_1;0.00%;0.01%;784KiB / 7.646GiB;2;16.2kB / 1.52kB;0B / 0B;0;2
Gateways_Router_1;0.00%;0.01%;788KiB / 7.646GiB;2;19.7kB / 1.52kB;0B / 0B;0;2
Server;0.00%;0.01%;800KiB / 7.646GiB;2;13.2kB / 736B;0B / 0B;0;2
Gateway_1;46.16%;2.29%;179.3MiB / 7.646GiB;27;2.08kB / 836B;0B / 16.4kB;0;21
Goshimmer_Router;0.00%;0.01%;784KiB / 7.646GiB;2;7.2kB / 1.52kB;0B / 0B;0;21
Clients_Router_1;0.00%;0.01%;780KiB / 7.646GiB;2;9.46kB / 1.52kB;0B / 0B;0;21
Gateways_Router_1;0.00%;0.01%;780KiB / 7.646GiB;2;13.6kB / 1.52kB;0B / 0B;0;21
Gateway_1;34.17%;2.37%;185.7MiB / 7.646GiB;27;2.62kB / 836B;0B / 16.4kB;0;3
Goshimmer_Router;0.00%;0.01%;784KiB / 7.646GiB;2;7.75kB / 1.52kB;0B / 0B;0;3
Clients_Router_1;0.00%;0.01%;780KiB / 7.646GiB;2;9.69kB / 1.52kB;0B / 0B;0;3
Gateways_Router_1;0.00%;0.01%;780KiB / 7.646GiB;2;13.8kB / 1.52kB;0B / 0B;0;3
Gateway_1;30.96%;2.37%;185.8MiB / 7.646GiB;27;3.04kB / 836B;0B / 16.4kB;0;3
Goshimmer_Router;0.00%;0.01%;784KiB / 7.646GiB;2;7.75kB / 1.52kB;0B / 0B;0;3
Clients_Router_1;0.00%;0.01%;780KiB / 7.646GiB;2;9.92kB / 1.52kB;0B / 0B;0;3
Gateways_Router_1;0.00%;0.02%;1.316MiB / 7.646GiB;2;14.1kB / 1.52kB;795kB / 0B;0;3
Gateway_1;32.60%;2.22%;173.7MiB / 7.646GiB;27;3.04kB / 836B;0B / 16.4kB;0;7
Goshimmer_Router;0.00%;0.01%;784KiB / 7.646GiB;2;8.05kB / 1.52kB;0B / 0B;0;7
Clients_Router_1;0.00%;0.01%;824KiB / 7.646GiB;2;10.2kB / 1.52kB;0B / 0B;0;7
Gateways_Router_1;0.00%;0.02%;1.363MiB / 7.646GiB;2;14.4kB / 1.52kB;795kB / 0B;0;7
Gateway_1;34.22%;2.03%;158.8MiB / 7.646GiB;27;3.11kB / 836B;0B / 16.4kB;0;3
Goshimmer_Router;0.00%;0.01%;836KiB / 7.646GiB;2;8.37kB / 1.52kB;0B / 0B;0;3
Clients_Router_1;0.00%;0.01%;824KiB / 7.646GiB;2;10.2kB / 1.52kB;0B / 0B;0;3
Gateways_Router_1;0.01%;0.02%;1.363MiB / 7.646GiB;2;14.4kB / 1.52kB;795kB / 0B;0;3
Gateway_1;34.54%;1.92%;150.3MiB / 7.646GiB;29;3.24kB / 836B;90.1kB / 16.4kB;0;4
Goshimmer_Router;0.00%;0.01%;836KiB / 7.646GiB;2;8.37kB / 1.52kB;0B / 0B;0;4
Clients_Router_1;0.00%;0.01%;824KiB / 7.646GiB;2;10.2kB / 1.52kB;0B / 0B;0;4
Gateways_Router_1;0.00%;0.02%;1.367MiB / 7.646GiB;2;14.4kB / 1.52kB;795kB / 0B;0;4
Gateway_1;52.21%;1.87%;146.4MiB / 7.646GiB;29;3.24kB / 836B;90.1kB / 16.4kB;0;5
Goshimmer_Router;0.00%;0.01%;836KiB / 7.646GiB;2;8.37kB / 1.52kB;0B / 0B;0;5
Clients_Router_1;0.00%;0.01%;824KiB / 7.646GiB;2;10.2kB / 1.52kB;0B / 0B;0;5
Gateways_Router_1;0.00%;0.02%;1.371MiB / 7.646GiB;2;14.4kB / 1.52kB;795kB / 0B;0;5
Gateway_1;44.01%;1.76%;138MiB / 7.646GiB;29;3.47kB / 836B;90.1kB / 16.4kB;0;5
Goshimmer_Router;0.00%;0.01%;836KiB / 7.646GiB;2;8.6kB / 1.52kB;0B / 0B;0;5
Clients_Router_1;0.00%;0.01%;824KiB / 7.646GiB;2;10.5kB / 1.52kB;0B / 0B;0;5
Gateways_Router_1;0.00%;0.02%;1.371MiB / 7.646GiB;2;15kB / 1.52kB;795kB / 0B;0;5
Gateway_1;43.81%;1.76%;137.7MiB / 7.646GiB;29;3.47kB / 836B;90.1kB / 16.4kB;0;5
Goshimmer_Router;0.00%;0.01%;836KiB / 7.646GiB;2;8.67kB / 1.52kB;0B / 0B;0;5
Clients_Router_1;0.00%;0.01%;824KiB / 7.646GiB;2;10.7kB / 1.52kB;0B / 0B;0;5
Gateways_Router_1;0.00%;0.02%;1.371MiB / 7.646GiB;2;15.3kB / 1.52kB;795kB / 0B;0;5
Gateway_1;48.63%;1.76%;137.8MiB / 7.646GiB;29;3.47kB / 836B;90.1kB / 16.4kB;0;4
Goshimmer_Router;0.00%;0.01%;836KiB / 7.646GiB;2;9.03kB / 1.52kB;0B / 0B;0;4
Clients_Router_1;0.00%;0.01%;824KiB / 7.646GiB;2;11kB / 1.52kB;0B / 0B;0;4
Gateways_Router_1;0.00%;0.02%;1.371MiB / 7.646GiB;2;15.3kB / 1.52kB;795kB / 0B;0;4
Gateway_1;44.03%;1.76%;138MiB / 7.646GiB;29;3.54kB / 836B;90.1kB / 16.4kB;0;5
Goshimmer_Router;0.00%;0.01%;836KiB / 7.646GiB;2;9.22kB / 1.52kB;0B / 0B;0;5
Clients_Router_1;0.00%;0.01%;824KiB / 7.646GiB;2;11kB / 1.52kB;0B / 0B;0;5
Gateways_Router_1;0.00%;0.02%;1.371MiB / 7.646GiB;2;15.3kB / 1.52kB;795kB / 0B;0;5
Gateway_1;42.06%;1.76%;137.9MiB / 7.646GiB;29;3.66kB / 836B;90.1kB / 16.4kB;0;6
Goshimmer_Router;0.00%;0.01%;836KiB / 7.646GiB;2;9.22kB / 1.52kB;0B / 0B;0;6
Clients_Router_1;0.00%;0.01%;824KiB / 7.646GiB;2;11kB / 1.52kB;0B / 0B;0;6
Gateways_Router_1;0.01%;0.02%;1.371MiB / 7.646GiB;2;15.3kB / 1.52kB;795kB / 0B;0;6
Gateway_1;40.22%;1.76%;137.9MiB / 7.646GiB;29;3.66kB / 836B;90.1kB / 16.4kB;0;5
Goshimmer_Router;0.01%;0.01%;836KiB / 7.646GiB;2;9.22kB / 1.52kB;0B / 0B;0;5
Clients_Router_1;0.00%;0.01%;824KiB / 7.646GiB;2;11kB / 1.52kB;0B / 0B;0;5
Gateways_Router_1;0.00%;0.02%;1.371MiB / 7.646GiB;2;15.3kB / 1.52kB;795kB / 0B;0;5
Gateway_1;40.40%;2.36%;184.6MiB / 7.646GiB;27;3.94kB / 836B;0B / 16.4kB;0;21
Goshimmer_Router;0.00%;0.01%;792KiB / 7.646GiB;2;14.6kB / 1.52kB;0B / 0B;0;21
Clients_Router_1;0.00%;0.01%;780KiB / 7.646GiB;2;16.9kB / 1.52kB;0B / 0B;0;21
Gateways_Router_1;0.00%;0.01%;784KiB / 7.646GiB;2;21.3kB / 1.52kB;0B / 0B;0;21
Gateway_1;35.40%;2.98%;233.1MiB / 7.646GiB;27;4.77kB / 836B;0B / 16.4kB;0;3
Goshimmer_Router;0.00%;0.01%;792KiB / 7.646GiB;2;16.6kB / 1.52kB;0B / 0B;0;3
Clients_Router_1;0.00%;0.01%;780KiB / 7.646GiB;2;18.8kB / 1.52kB;0B / 0B;0;3
Gateways_Router_1;0.00%;0.01%;784KiB / 7.646GiB;2;23.3kB / 1.52kB;0B / 0B;0;3
Gateway_1;32.59%;2.93%;229MiB / 7.646GiB;27;5.2kB / 836B;0B / 16.4kB;0;12
Goshimmer_Router;0.00%;0.01%;792KiB / 7.646GiB;2;16.6kB / 1.52kB;0B / 0B;0;12
Clients_Router_1;0.00%;0.01%;780KiB / 7.646GiB;2;18.8kB / 1.52kB;0B / 0B;0;12
Gateways_Router_1;0.01%;0.01%;832KiB / 7.646GiB;2;23.7kB / 1.52kB;0B / 0B;0;12
Gateway_1;28.22%;2.92%;228.3MiB / 7.646GiB;27;5.2kB / 836B;0B / 16.4kB;0;14
Goshimmer_Router;1.22%;0.01%;824KiB / 7.646GiB;2;16.9kB / 1.52kB;0B / 0B;0;14
Clients_Router_1;0.00%;0.01%;816KiB / 7.646GiB;2;19.4kB / 1.52kB;0B / 0B;0;14
Gateways_Router_1;0.00%;0.01%;832KiB / 7.646GiB;2;24kB / 1.52kB;0B / 0B;0;14
Gateway_1;31.93%;2.77%;216.9MiB / 7.646GiB;27;5.2kB / 836B;0B / 16.4kB;0;15
Goshimmer_Router;0.00%;0.01%;824KiB / 7.646GiB;2;17.2kB / 1.52kB;0B / 0B;0;15
Clients_Router_1;0.00%;0.01%;816KiB / 7.646GiB;2;19.4kB / 1.52kB;0B / 0B;0;15
Gateways_Router_1;0.00%;0.01%;832KiB / 7.646GiB;2;24kB / 1.52kB;0B / 0B;0;15
Gateway_1;33.04%;2.60%;203.4MiB / 7.646GiB;29;5.32kB / 836B;0B / 16.4kB;0;16
Goshimmer_Router;0.00%;0.01%;824KiB / 7.646GiB;2;17.2kB / 1.52kB;0B / 0B;0;16
Clients_Router_1;0.00%;0.01%;816KiB / 7.646GiB;2;19.4kB / 1.52kB;0B / 0B;0;16
Gateways_Router_1;0.00%;0.01%;832KiB / 7.646GiB;2;24kB / 1.52kB;0B / 0B;0;16
Gateway_1;57.58%;2.45%;191.6MiB / 7.646GiB;29;5.39kB / 836B;0B / 16.4kB;0;14
Goshimmer_Router;0.00%;0.01%;824KiB / 7.646GiB;2;17.2kB / 1.52kB;0B / 0B;0;14
Clients_Router_1;0.00%;0.01%;816KiB / 7.646GiB;2;19.4kB / 1.52kB;0B / 0B;0;14
Gateways_Router_1;0.00%;0.01%;832KiB / 7.646GiB;2;24kB / 1.52kB;0B / 0B;0;14
Gateway_1;49.06%;2.23%;174.7MiB / 7.646GiB;29;5.39kB / 836B;0B / 16.4kB;0;12
Goshimmer_Router;0.00%;0.01%;824KiB / 7.646GiB;2;17.4kB / 1.52kB;0B / 0B;0;12
Clients_Router_1;0.00%;0.01%;816KiB / 7.646GiB;2;19.6kB / 1.52kB;0B / 0B;0;12
Gateways_Router_1;0.00%;0.01%;832KiB / 7.646GiB;2;24.3kB / 1.52kB;0B / 0B;0;12
Gateway_1;38.11%;2.07%;161.8MiB / 7.646GiB;29;5.62kB / 836B;0B / 16.4kB;0;8
Goshimmer_Router;0.00%;0.01%;824KiB / 7.646GiB;2;17.5kB / 1.52kB;0B / 0B;0;8
Clients_Router_1;0.00%;0.01%;816KiB / 7.646GiB;2;19.9kB / 1.52kB;0B / 0B;0;8
Gateways_Router_1;0.00%;0.01%;832KiB / 7.646GiB;2;24.6kB / 1.52kB;0B / 0B;0;8
Gateway_1;45.64%;1.94%;151.8MiB / 7.646GiB;29;5.62kB / 836B;0B / 16.4kB;0;9
Goshimmer_Router;0.00%;0.01%;824KiB / 7.646GiB;2;17.8kB / 1.52kB;0B / 0B;0;9
Clients_Router_1;0.00%;0.01%;816KiB / 7.646GiB;2;20.2kB / 1.52kB;0B / 0B;0;9
Gateways_Router_1;0.00%;0.01%;832KiB / 7.646GiB;2;24.8kB / 1.52kB;0B / 0B;0;9
Gateway_1;43.40%;1.86%;145.9MiB / 7.646GiB;29;5.62kB / 836B;0B / 16.4kB;0;16
Goshimmer_Router;0.00%;0.01%;824KiB / 7.646GiB;2;18kB / 1.52kB;0B / 0B;0;16
Clients_Router_1;0.00%;0.01%;816KiB / 7.646GiB;2;20.2kB / 1.52kB;0B / 0B;0;16
Gateways_Router_1;0.01%;0.01%;832KiB / 7.646GiB;2;24.8kB / 1.52kB;0B / 0B;0;16
Gateway_1;41.29%;1.83%;143.6MiB / 7.646GiB;29;5.75kB / 836B;0B / 16.4kB;0;13
Goshimmer_Router;0.00%;0.01%;824KiB / 7.646GiB;2;18kB / 1.52kB;0B / 0B;0;13
Clients_Router_1;0.00%;0.01%;816KiB / 7.646GiB;2;20.2kB / 1.52kB;0B / 0B;0;13
Gateways_Router_1;0.00%;0.01%;832KiB / 7.646GiB;2;24.8kB / 1.52kB;0B / 0B;0;13
Gateway_1;38.39%;1.81%;142MiB / 7.646GiB;29;5.82kB / 836B;0B / 16.4kB;0;13
Goshimmer_Router;0.00%;0.01%;824KiB / 7.646GiB;2;18kB / 1.52kB;0B / 0B;0;13
Clients_Router_1;0.00%;0.01%;816KiB / 7.646GiB;2;20.2kB / 1.52kB;0B / 0B;0;13
Gateways_Router_1;0.00%;0.01%;832KiB / 7.646GiB;2;24.8kB / 1.52kB;0B / 0B;0;13
Gateway_1;41.67%;1.81%;142MiB / 7.646GiB;29;5.82kB / 836B;0B / 16.4kB;0;6
Goshimmer_Router;0.00%;0.01%;824KiB / 7.646GiB;2;18kB / 1.52kB;0B / 0B;0;6
Clients_Router_1;0.00%;0.01%;816KiB / 7.646GiB;2;20.2kB / 1.52kB;0B / 0B;0;6
Gateways_Router_1;0.00%;0.01%;832KiB / 7.646GiB;2;24.8kB / 1.52kB;0B / 0B;0;6
Gateway_1;44.12%;1.82%;142.1MiB / 7.646GiB;29;5.82kB / 836B;0B / 16.4kB;0;5
Goshimmer_Router;0.00%;0.01%;824KiB / 7.646GiB;2;18kB / 1.52kB;0B / 0B;0;5
Clients_Router_1;0.00%;0.01%;816KiB / 7.646GiB;2;20.2kB / 1.52kB;0B / 0B;0;5
Gateways_Router_1;0.00%;0.01%;832KiB / 7.646GiB;2;24.8kB / 1.52kB;0B / 0B;0;5
Gateway_1;47.20%;1.82%;142.2MiB / 7.646GiB;29;5.82kB / 836B;0B / 16.4kB;0;5
Goshimmer_Router;0.00%;0.01%;824KiB / 7.646GiB;2;18kB / 1.52kB;0B / 0B;0;5
Clients_Router_1;0.00%;0.01%;816KiB / 7.646GiB;2;20.2kB / 1.52kB;0B / 0B;0;5
Gateways_Router_1;0.00%;0.01%;832KiB / 7.646GiB;2;24.8kB / 1.52kB;0B / 0B;0;5
Gateway_1;43.69%;1.82%;142.4MiB / 7.646GiB;29;5.82kB / 836B;0B / 16.4kB;0;5
Goshimmer_Router;0.00%;0.01%;824KiB / 7.646GiB;2;18kB / 1.52kB;0B / 0B;0;5
Clients_Router_1;0.00%;0.01%;816KiB / 7.646GiB;2;20.2kB / 1.52kB;0B / 0B;0;5
Gateways_Router_1;0.00%;0.01%;832KiB / 7.646GiB;2;24.8kB / 1.52kB;0B / 0B;0;5
Gateway_1;0.00%;0.00%;0B / 0B;0;0B / 0B;0B / 0B;0;4
Goshimmer_Router;0.00%;0.01%;824KiB / 7.646GiB;2;18kB / 1.52kB;0B / 0B;0;4
Clients_Router_1;0.00%;0.01%;816KiB / 7.646GiB;2;20.7kB / 1.52kB;0B / 0B;0;4
Gateways_Router_1;0.00%;0.01%;832KiB / 7.646GiB;2;25.2kB / 1.52kB;0B / 0B;0;4
Goshimmer_Router;0.00%;0.01%;824KiB / 7.646GiB;2;21kB / 1.52kB;0B / 0B;0;2
Clients_Router_1;0.00%;0.01%;816KiB / 7.646GiB;2;22.9kB / 1.52kB;0B / 0B;0;2
Gateways_Router_1;0.00%;0.01%;832KiB / 7.646GiB;2;27.8kB / 1.52kB;0B / 0B;0;2
Goshimmer_Router;0.00%;0.01%;824KiB / 7.646GiB;2;21kB / 1.52kB;0B / 0B;0;0
Clients_Router_1;0.00%;0.01%;816KiB / 7.646GiB;2;23.5kB / 1.52kB;0B / 0B;0;0
Gateways_Router_1;0.00%;0.01%;832KiB / 7.646GiB;2;28.2kB / 1.52kB;0B / 0B;0;0
Goshimmer_Router;0.00%;0.01%;824KiB / 7.646GiB;2;21.3kB / 1.52kB;0B / 0B;0;5
Clients_Router_1;0.00%;0.01%;816KiB / 7.646GiB;2;23.7kB / 1.52kB;0B / 0B;0;5
Gateways_Router_1;0.00%;0.01%;832KiB / 7.646GiB;2;28.3kB / 1.52kB;0B / 0B;0;5
Goshimmer_Router;0.00%;0.01%;824KiB / 7.646GiB;2;21.5kB / 1.52kB;0B / 0B;0;8
Clients_Router_1;0.00%;0.01%;816KiB / 7.646GiB;2;23.8kB / 1.52kB;0B / 0B;0;8
Gateways_Router_1;0.00%;0.01%;832KiB / 7.646GiB;2;28.3kB / 1.52kB;0B / 0B;0;8
Goshimmer_Router;0.00%;0.01%;824KiB / 7.646GiB;2;21.5kB / 1.52kB;0B / 0B;0;4
Clients_Router_1;0.00%;0.01%;816KiB / 7.646GiB;2;23.8kB / 1.52kB;0B / 0B;0;4
Gateways_Router_1;0.00%;0.01%;832KiB / 7.646GiB;2;28.3kB / 1.52kB;0B / 0B;0;4
Goshimmer_Router;0.00%;0.01%;824KiB / 7.646GiB;2;21.6kB / 1.52kB;0B / 0B;0;1
Clients_Router_1;0.00%;0.01%;816KiB / 7.646GiB;2;23.8kB / 1.52kB;0B / 0B;0;1
Gateways_Router_1;0.01%;0.01%;832KiB / 7.646GiB;2;28.3kB / 1.52kB;0B / 0B;0;1
Goshimmer_Router;0.00%;0.01%;824KiB / 7.646GiB;2;21.6kB / 1.52kB;0B / 0B;0;0
Clients_Router_1;0.00%;0.01%;816KiB / 7.646GiB;2;23.8kB / 1.52kB;0B / 0B;0;0
Gateways_Router_1;0.00%;0.01%;832KiB / 7.646GiB;2;28.3kB / 1.52kB;0B / 0B;0;0
Goshimmer_Router;0.00%;0.01%;824KiB / 7.646GiB;2;21.6kB / 1.52kB;0B / 0B;0;0
Clients_Router_1;0.00%;0.01%;816KiB / 7.646GiB;2;23.8kB / 1.52kB;0B / 0B;0;0
Gateways_Router_1;0.00%;0.01%;832KiB / 7.646GiB;2;28.3kB / 1.52kB;0B / 0B;0;0
Goshimmer_Router;0.00%;0.01%;824KiB / 7.646GiB;2;21.6kB / 1.52kB;0B / 0B;0;0
Clients_Router_1;0.00%;0.01%;816KiB / 7.646GiB;2;23.8kB / 1.52kB;0B / 0B;0;0
Gateways_Router_1;0.00%;0.01%;832KiB / 7.646GiB;2;28.3kB / 1.52kB;0B / 0B;0;0
Goshimmer_Router;0.00%;0.01%;824KiB / 7.646GiB;2;21.6kB / 1.52kB;0B / 0B;0;0
Clients_Router_1;0.00%;0.01%;816KiB / 7.646GiB;2;23.8kB / 1.52kB;0B / 0B;0;0
Gateways_Router_1;0.01%;0.01%;832KiB / 7.646GiB;2;28.3kB / 1.52kB;0B / 0B;0;0
Goshimmer_Router;0.00%;0.01%;824KiB / 7.646GiB;2;21.6kB / 1.52kB;0B / 0B;0;4
Clients_Router_1;0.00%;0.01%;816KiB / 7.646GiB;2;23.8kB / 1.52kB;0B / 0B;0;4
Gateways_Router_1;0.00%;0.01%;832KiB / 7.646GiB;2;28.3kB / 1.52kB;0B / 0B;0;4
Goshimmer_Router;0.00%;0.01%;824KiB / 7.646GiB;2;21.6kB / 1.52kB;0B / 0B;0;5
Clients_Router_1;0.00%;0.01%;816KiB / 7.646GiB;2;23.8kB / 1.52kB;0B / 0B;0;5
Gateways_Router_1;0.00%;0.01%;832KiB / 7.646GiB;2;28.3kB / 1.52kB;0B / 0B;0;5
Goshimmer_Router;0.00%;0.01%;824KiB / 7.646GiB;2;21.6kB / 1.52kB;0B / 0B;0;13
Clients_Router_1;0.00%;0.01%;816KiB / 7.646GiB;2;23.8kB / 1.52kB;0B / 0B;0;13
Gateways_Router_1;0.00%;0.01%;832KiB / 7.646GiB;2;28.3kB / 1.52kB;0B / 0B;0;13
Goshimmer_Router;0.00%;0.01%;824KiB / 7.646GiB;2;21.6kB / 1.52kB;0B / 0B;0;20
Clients_Router_1;0.01%;0.01%;816KiB / 7.646GiB;2;23.8kB / 1.52kB;0B / 0B;0;20
Gateways_Router_1;0.00%;0.01%;832KiB / 7.646GiB;2;28.3kB / 1.52kB;0B / 0B;0;20
Goshimmer_Router;0.00%;0.01%;824KiB / 7.646GiB;2;21.6kB / 1.52kB;0B / 0B;0;8
Clients_Router_1;0.00%;0.01%;816KiB / 7.646GiB;2;23.8kB / 1.52kB;0B / 0B;0;8
Gateways_Router_1;0.01%;0.01%;832KiB / 7.646GiB;2;28.3kB / 1.52kB;0B / 0B;0;8
Goshimmer_Router;0.00%;0.01%;824KiB / 7.646GiB;2;21.6kB / 1.52kB;0B / 0B;0;6
Clients_Router_1;0.01%;0.01%;816KiB / 7.646GiB;2;23.8kB / 1.52kB;0B / 0B;0;6
Gateways_Router_1;0.00%;0.01%;832KiB / 7.646GiB;2;28.3kB / 1.52kB;0B / 0B;0;6
Goshimmer_Router;0.00%;0.01%;824KiB / 7.646GiB;2;21.6kB / 1.52kB;0B / 0B;0;11
Clients_Router_1;0.00%;0.01%;816KiB / 7.646GiB;2;23.8kB / 1.52kB;0B / 0B;0;11
Gateways_Router_1;0.00%;0.01%;832KiB / 7.646GiB;2;28.3kB / 1.52kB;0B / 0B;0;11
Goshimmer_Router;0.00%;0.01%;824KiB / 7.646GiB;2;21.6kB / 1.52kB;0B / 0B;0;4
Clients_Router_1;0.00%;0.01%;816KiB / 7.646GiB;2;23.8kB / 1.52kB;0B / 0B;0;4
Gateways_Router_1;0.00%;0.01%;832KiB / 7.646GiB;2;28.3kB / 1.52kB;0B / 0B;0;4
Goshimmer_Router;0.00%;0.01%;824KiB / 7.646GiB;2;21.7kB / 1.52kB;0B / 0B;0;0
Clients_Router_1;0.01%;0.01%;816KiB / 7.646GiB;2;23.8kB / 1.52kB;0B / 0B;0;0
Gateways_Router_1;0.00%;0.01%;832KiB / 7.646GiB;2;28.3kB / 1.52kB;0B / 0B;0;0
Goshimmer_Router;0.00%;0.01%;824KiB / 7.646GiB;2;21.7kB / 1.52kB;0B / 0B;0;1
Clients_Router_1;0.00%;0.01%;816KiB / 7.646GiB;2;23.9kB / 1.52kB;0B / 0B;0;1
Gateways_Router_1;0.00%;0.01%;832KiB / 7.646GiB;2;28.3kB / 1.52kB;0B / 0B;0;1
Goshimmer_Router;0.00%;0.01%;824KiB / 7.646GiB;2;22.5kB / 1.52kB;0B / 0B;0;0
Clients_Router_1;0.00%;0.01%;816KiB / 7.646GiB;2;24.7kB / 1.52kB;0B / 0B;0;0
Gateways_Router_1;0.00%;0.01%;832KiB / 7.646GiB;2;28.8kB / 1.52kB;0B / 0B;0;0
Goshimmer_Router;0.00%;0.01%;824KiB / 7.646GiB;2;23.4kB / 1.52kB;0B / 0B;0;0
Clients_Router_1;0.01%;0.01%;816KiB / 7.646GiB;2;25.6kB / 1.52kB;0B / 0B;0;0
Gateways_Router_1;0.00%;0.01%;832KiB / 7.646GiB;2;30.1kB / 1.52kB;0B / 0B;0;0
Goshimmer_Router;0.00%;0.01%;824KiB / 7.646GiB;2;23.6kB / 1.52kB;0B / 0B;0;0
Clients_Router_1;0.00%;0.01%;816KiB / 7.646GiB;2;25.8kB / 1.52kB;0B / 0B;0;0
Gateways_Router_1;0.00%;0.01%;832KiB / 7.646GiB;2;30.4kB / 1.52kB;0B / 0B;0;0
Goshimmer_Router;0.00%;0.01%;824KiB / 7.646GiB;2;23.6kB / 1.52kB;0B / 0B;0;0
Clients_Router_1;0.00%;0.01%;816KiB / 7.646GiB;2;26kB / 1.52kB;0B / 0B;0;0
Gateways_Router_1;0.00%;0.01%;832KiB / 7.646GiB;2;30.6kB / 1.52kB;0B / 0B;0;0
Goshimmer_Router;0.00%;0.01%;824KiB / 7.646GiB;2;23.8kB / 1.52kB;0B / 0B;0;0
Clients_Router_1;0.00%;0.01%;816KiB / 7.646GiB;2;26.3kB / 1.52kB;0B / 0B;0;0
Gateways_Router_1;0.00%;0.01%;832KiB / 7.646GiB;2;30.9kB / 1.52kB;0B / 0B;0;0
Goshimmer_Router;0.00%;0.01%;824KiB / 7.646GiB;2;24.1kB / 1.52kB;0B / 0B;0;0
Clients_Router_1;0.00%;0.01%;816KiB / 7.646GiB;2;26.3kB / 1.52kB;0B / 0B;0;0
Gateways_Router_1;0.00%;0.01%;832KiB / 7.646GiB;2;30.9kB / 1.52kB;0B / 0B;0;0
Goshimmer_Router;0.00%;0.01%;824KiB / 7.646GiB;2;24.1kB / 1.52kB;0B / 0B;0;3
Clients_Router_1;0.00%;0.01%;816KiB / 7.646GiB;2;26.3kB / 1.52kB;0B / 0B;0;3
Gateways_Router_1;0.00%;0.01%;832KiB / 7.646GiB;2;30.9kB / 1.52kB;0B / 0B;0;3
Goshimmer_Router;0.00%;0.01%;824KiB / 7.646GiB;2;24.1kB / 1.52kB;0B / 0B;0;11
Clients_Router_1;0.00%;0.01%;816KiB / 7.646GiB;2;26.4kB / 1.52kB;0B / 0B;0;11
Gateways_Router_1;0.00%;0.01%;832KiB / 7.646GiB;2;30.9kB / 1.52kB;0B / 0B;0;11
Goshimmer_Router;0.00%;0.01%;824KiB / 7.646GiB;2;24.1kB / 1.52kB;0B / 0B;0;9
Clients_Router_1;0.00%;0.01%;816KiB / 7.646GiB;2;26.4kB / 1.52kB;0B / 0B;0;9
Gateways_Router_1;0.00%;0.01%;832KiB / 7.646GiB;2;30.9kB / 1.52kB;0B / 0B;0;9
Goshimmer_Router;0.00%;0.01%;824KiB / 7.646GiB;2;24.1kB / 1.52kB;0B / 0B;0;9
Clients_Router_1;0.00%;0.01%;816KiB / 7.646GiB;2;26.4kB / 1.52kB;0B / 0B;0;9
Gateways_Router_1;0.00%;0.01%;832KiB / 7.646GiB;2;30.9kB / 1.52kB;0B / 0B;0;9
Goshimmer_Router;0.00%;0.01%;824KiB / 7.646GiB;2;24.2kB / 1.52kB;0B / 0B;0;4
Clients_Router_1;0.00%;0.01%;816KiB / 7.646GiB;2;26.4kB / 1.52kB;0B / 0B;0;4
Gateways_Router_1;0.00%;0.01%;832KiB / 7.646GiB;2;30.9kB / 1.52kB;0B / 0B;0;4
Goshimmer_Router;0.00%;0.01%;824KiB / 7.646GiB;2;24.2kB / 1.52kB;0B / 0B;0;0
Clients_Router_1;0.00%;0.01%;816KiB / 7.646GiB;2;26.4kB / 1.52kB;0B / 0B;0;0
Gateways_Router_1;0.00%;0.01%;832KiB / 7.646GiB;2;30.9kB / 1.52kB;0B / 0B;0;0
Goshimmer_Router;0.00%;0.01%;824KiB / 7.646GiB;2;24.2kB / 1.52kB;0B / 0B;0;0
Clients_Router_1;0.01%;0.01%;816KiB / 7.646GiB;2;26.4kB / 1.52kB;0B / 0B;0;0
Gateways_Router_1;0.00%;0.01%;832KiB / 7.646GiB;2;30.9kB / 1.52kB;0B / 0B;0;0
Goshimmer_Router;0.00%;0.01%;824KiB / 7.646GiB;2;24.2kB / 1.52kB;0B / 0B;0;1
Clients_Router_1;0.00%;0.01%;816KiB / 7.646GiB;2;26.4kB / 1.52kB;0B / 0B;0;1
Gateways_Router_1;0.00%;0.01%;832KiB / 7.646GiB;2;30.9kB / 1.52kB;0B / 0B;0;1
Goshimmer_Router;0.00%;0.01%;824KiB / 7.646GiB;2;24.2kB / 1.52kB;0B / 0B;0;0
Clients_Router_1;0.01%;0.01%;816KiB / 7.646GiB;2;26.4kB / 1.52kB;0B / 0B;0;0
Gateways_Router_1;0.00%;0.01%;832KiB / 7.646GiB;2;30.9kB / 1.52kB;0B / 0B;0;0
Goshimmer_Router;0.00%;0.01%;824KiB / 7.646GiB;2;24.2kB / 1.52kB;0B / 0B;0;1
Clients_Router_1;0.00%;0.01%;816KiB / 7.646GiB;2;26.4kB / 1.52kB;0B / 0B;0;1
Gateways_Router_1;0.00%;0.01%;832KiB / 7.646GiB;2;30.9kB / 1.52kB;0B / 0B;0;1
Goshimmer_Router;0.00%;0.01%;824KiB / 7.646GiB;2;24.2kB / 1.52kB;0B / 0B;0;7
Clients_Router_1;0.00%;0.01%;816KiB / 7.646GiB;2;26.4kB / 1.52kB;0B / 0B;0;7
Gateways_Router_1;0.00%;0.01%;832KiB / 7.646GiB;2;30.9kB / 1.52kB;0B / 0B;0;7
Goshimmer_Router;0.00%;0.01%;824KiB / 7.646GiB;2;24.2kB / 1.52kB;0B / 0B;0;8
Clients_Router_1;0.00%;0.01%;816KiB / 7.646GiB;2;26.4kB / 1.52kB;0B / 0B;0;8
Gateways_Router_1;0.00%;0.01%;832KiB / 7.646GiB;2;30.9kB / 1.52kB;0B / 0B;0;8
Goshimmer_Router;0.00%;0.01%;824KiB / 7.646GiB;2;24.2kB / 1.52kB;0B / 0B;0;4
Clients_Router_1;0.00%;0.01%;816KiB / 7.646GiB;2;26.4kB / 1.52kB;0B / 0B;0;4
Gateways_Router_1;0.00%;0.01%;832KiB / 7.646GiB;2;30.9kB / 1.52kB;0B / 0B;0;4
Goshimmer_Router;0.00%;0.01%;824KiB / 7.646GiB;2;24.2kB / 1.52kB;0B / 0B;0;10
Clients_Router_1;0.00%;0.01%;816KiB / 7.646GiB;2;26.4kB / 1.52kB;0B / 0B;0;10
Gateways_Router_1;0.00%;0.01%;832KiB / 7.646GiB;2;30.9kB / 1.52kB;0B / 0B;0;10
Goshimmer_Router;0.00%;0.01%;824KiB / 7.646GiB;2;24.2kB / 1.52kB;0B / 0B;0;2
Clients_Router_1;0.00%;0.01%;816KiB / 7.646GiB;2;26.4kB / 1.52kB;0B / 0B;0;2
Gateways_Router_1;0.00%;0.01%;832KiB / 7.646GiB;2;30.9kB / 1.52kB;0B / 0B;0;2
Goshimmer_Router;0.00%;0.01%;824KiB / 7.646GiB;2;25.4kB / 1.52kB;0B / 0B;0;0
Clients_Router_1;0.00%;0.01%;816KiB / 7.646GiB;2;27.6kB / 1.52kB;0B / 0B;0;0
Gateways_Router_1;0.00%;0.01%;832KiB / 7.646GiB;2;31.8kB / 1.52kB;0B / 0B;0;0
Gateway_1;22.08%;2.34%;183.5MiB / 7.646GiB;27;4.57kB / 1.09kB;1.79MB / 16.4kB;0;31
Rpc;99.89%;0.14%;10.61MiB / 7.646GiB;12;12.2kB / 2.05kB;238kB / 20.5kB;0;31
Client_1;0.02%;0.15%;11.69MiB / 7.646GiB;15;7.39kB / 977B;1.18MB / 45.1kB;0;31
Clients_Router_1;0.00%;0.01%;776KiB / 7.646GiB;2;17.9kB / 1.59kB;0B / 0B;0;31
Gateways_Router_1;0.00%;0.03%;2.199MiB / 7.646GiB;2;23.9kB / 1.52kB;1.53MB / 0B;0;31
Gateway_1;16.46%;2.39%;187MiB / 7.646GiB;27;6.05kB / 1.35kB;1.79MB / 16.4kB;0;15
Rpc;100.20%;0.14%;10.61MiB / 7.646GiB;12;13kB / 2.12kB;238kB / 20.5kB;0;15
Client_1;0.01%;0.15%;11.73MiB / 7.646GiB;15;8.39kB / 1.05kB;1.18MB / 45.1kB;0;15
Clients_Router_1;0.00%;0.01%;776KiB / 7.646GiB;2;20.4kB / 1.59kB;0B / 0B;0;15
Gateways_Router_1;0.00%;0.03%;2.199MiB / 7.646GiB;2;25.3kB / 1.52kB;1.53MB / 0B;0;15
Gateway_1;12.99%;2.39%;187MiB / 7.646GiB;27;7.05kB / 1.57kB;1.79MB / 16.4kB;0;14
Rpc;100.29%;0.14%;10.61MiB / 7.646GiB;12;13.6kB / 2.12kB;238kB / 20.5kB;0;14
Client_1;0.06%;0.15%;11.86MiB / 7.646GiB;15;8.46kB / 1.11kB;1.18MB / 45.1kB;0;14
Clients_Router_1;0.00%;0.01%;776KiB / 7.646GiB;2;20.8kB / 1.59kB;0B / 0B;0;14
Gateways_Router_1;0.82%;0.03%;2.391MiB / 7.646GiB;2;26.3kB / 1.52kB;1.54MB / 0B;0;14
Gateway_1;11.76%;2.26%;177.2MiB / 7.646GiB;27;7.35kB / 1.78kB;1.79MB / 16.4kB;0;14
Rpc;100.62%;0.14%;10.61MiB / 7.646GiB;12;13.6kB / 2.12kB;238kB / 20.5kB;0;14
Client_1;0.02%;0.15%;11.89MiB / 7.646GiB;15;8.88kB / 1.11kB;1.18MB / 45.1kB;0;14
Clients_Router_1;0.00%;0.01%;820KiB / 7.646GiB;2;21.5kB / 1.59kB;0B / 0B;0;14
Gateways_Router_1;0.00%;0.03%;2.414MiB / 7.646GiB;2;26.8kB / 1.52kB;1.75MB / 0B;0;14
Gateway_1;29.59%;2.09%;163.7MiB / 7.646GiB;27;7.68kB / 1.99kB;1.79MB / 16.4kB;0;14
Client_1;0.04%;0.15%;11.98MiB / 7.646GiB;15;9.17kB / 1.25kB;1.18MB / 45.1kB;0;14
Clients_Router_1;0.00%;0.01%;820KiB / 7.646GiB;2;22kB / 1.59kB;0B / 0B;0;14
Gateways_Router_1;0.00%;0.03%;2.414MiB / 7.646GiB;2;26.8kB / 1.52kB;1.75MB / 0B;0;14
Gateway_1;41.28%;1.97%;154.4MiB / 7.646GiB;29;9.3kB / 2.26kB;1.89MB / 16.4kB;0;4
Client_1;0.05%;0.15%;12.02MiB / 7.646GiB;15;9.88kB / 1.25kB;1.18MB / 45.1kB;0;4
Clients_Router_1;0.00%;0.01%;820KiB / 7.646GiB;2;24.4kB / 1.59kB;0B / 0B;0;4
Gateways_Router_1;0.00%;0.03%;2.414MiB / 7.646GiB;2;29.3kB / 1.52kB;1.75MB / 0B;0;4
Gateway_1;47.58%;1.86%;145.6MiB / 7.646GiB;29;10kB / 2.57kB;1.89MB / 16.4kB;0;6
Client_1;0.06%;0.15%;12.1MiB / 7.646GiB;15;10.6kB / 1.25kB;1.18MB / 45.1kB;0;6
Clients_Router_1;0.00%;0.01%;820KiB / 7.646GiB;2;25.1kB / 1.59kB;0B / 0B;0;6
Gateways_Router_1;0.00%;0.03%;2.414MiB / 7.646GiB;2;29.9kB / 1.52kB;1.75MB / 0B;0;6
Gateway_1;39.88%;1.80%;141.3MiB / 7.646GiB;29;10.8kB / 2.79kB;1.89MB / 16.4kB;0;9
Client_1;0.02%;0.16%;12.16MiB / 7.646GiB;15;10.7kB / 1.31kB;1.18MB / 45.1kB;0;9
Clients_Router_1;0.00%;0.01%;820KiB / 7.646GiB;2;25.5kB / 1.59kB;0B / 0B;0;9
Gateways_Router_1;0.00%;0.03%;2.414MiB / 7.646GiB;2;29.9kB / 1.52kB;1.75MB / 0B;0;9
Gateway_1;41.99%;1.80%;141MiB / 7.646GiB;29;10.9kB / 2.89kB;1.89MB / 16.4kB;0;12
Client_1;0.05%;0.16%;12.22MiB / 7.646GiB;15;11.1kB / 1.36kB;1.18MB / 45.1kB;0;12
Clients_Router_1;0.00%;0.01%;820KiB / 7.646GiB;2;25.9kB / 1.59kB;0B / 0B;0;12
Gateways_Router_1;0.00%;0.03%;2.414MiB / 7.646GiB;2;31.1kB / 1.52kB;1.75MB / 0B;0;12
Gateway_1;47.73%;1.80%;141.2MiB / 7.646GiB;29;11.3kB / 3.21kB;1.89MB / 16.4kB;0;8
Client_1;0.09%;0.16%;12.43MiB / 7.646GiB;15;11.1kB / 1.43kB;1.18MB / 45.1kB;0;8
Clients_Router_1;0.00%;0.01%;820KiB / 7.646GiB;2;26.5kB / 1.59kB;0B / 0B;0;8
Gateways_Router_1;0.00%;0.03%;2.414MiB / 7.646GiB;2;31.4kB / 1.52kB;1.75MB / 0B;0;8
Gateway_1;44.11%;1.80%;141.3MiB / 7.646GiB;29;11.7kB / 3.42kB;1.89MB / 16.4kB;0;8
Client_1;0.04%;0.16%;12.48MiB / 7.646GiB;15;11.5kB / 1.49kB;1.18MB / 45.1kB;0;8
Clients_Router_1;0.00%;0.01%;820KiB / 7.646GiB;2;26.6kB / 1.59kB;0B / 0B;0;8
Gateways_Router_1;0.00%;0.03%;2.414MiB / 7.646GiB;2;31.4kB / 1.52kB;1.75MB / 0B;0;8
Gateway_1;41.66%;1.80%;141.3MiB / 7.646GiB;29;12.3kB / 3.69kB;1.89MB / 16.4kB;0;8
Client_1;0.03%;0.16%;12.53MiB / 7.646GiB;15;11.5kB / 1.53kB;1.18MB / 45.1kB;0;8
Clients_Router_1;0.00%;0.01%;820KiB / 7.646GiB;2;26.6kB / 1.59kB;0B / 0B;0;8
Gateways_Router_1;0.00%;0.03%;2.414MiB / 7.646GiB;2;31.4kB / 1.52kB;1.75MB / 0B;0;8
Gateway_1;42.23%;1.80%;141.3MiB / 7.646GiB;29;12.6kB / 3.95kB;1.89MB / 16.4kB;0;5
Client_1;0.03%;0.16%;12.62MiB / 7.646GiB;15;11.6kB / 1.6kB;1.18MB / 45.1kB;0;5
Clients_Router_1;0.00%;0.01%;820KiB / 7.646GiB;2;26.6kB / 1.59kB;0B / 0B;0;5
Gateways_Router_1;0.01%;0.03%;2.414MiB / 7.646GiB;2;31.4kB / 1.52kB;1.75MB / 0B;0;5
Gateway_1;43.56%;1.80%;141.3MiB / 7.646GiB;29;12.9kB / 4.17kB;1.89MB / 16.4kB;0;8
Client_1;0.07%;0.16%;12.67MiB / 7.646GiB;15;11.6kB / 1.64kB;1.18MB / 45.1kB;0;8
Clients_Router_1;0.00%;0.01%;820KiB / 7.646GiB;2;26.6kB / 1.59kB;0B / 0B;0;8
Gateways_Router_1;0.00%;0.03%;2.414MiB / 7.646GiB;2;31.4kB / 1.52kB;1.75MB / 0B;0;8
Gateway_1;44.25%;1.81%;141.5MiB / 7.646GiB;29;13.2kB / 4.42kB;1.89MB / 16.4kB;0;5
Client_1;0.04%;0.16%;12.76MiB / 7.646GiB;15;11.6kB / 1.64kB;1.18MB / 45.1kB;0;5
Clients_Router_1;0.00%;0.01%;820KiB / 7.646GiB;2;26.6kB / 1.59kB;0B / 0B;0;5
Gateways_Router_1;0.01%;0.03%;2.414MiB / 7.646GiB;2;31.4kB / 1.52kB;1.75MB / 0B;0;5
Gateway_1;46.65%;1.81%;141.6MiB / 7.646GiB;29;13.5kB / 4.59kB;1.89MB / 16.4kB;0;8
Client_1;0.12%;0.16%;12.91MiB / 7.646GiB;15;11.7kB / 1.71kB;1.18MB / 45.1kB;0;8
Clients_Router_1;0.00%;0.01%;820KiB / 7.646GiB;2;26.6kB / 1.59kB;0B / 0B;0;8
Gateways_Router_1;0.00%;0.03%;2.414MiB / 7.646GiB;2;31.4kB / 1.52kB;1.75MB / 0B;0;8
Gateway_1;40.69%;1.81%;141.8MiB / 7.646GiB;29;13.8kB / 4.86kB;1.89MB / 16.4kB;0;13
Client_1;0.03%;0.17%;13.01MiB / 7.646GiB;15;11.7kB / 1.71kB;1.18MB / 45.1kB;0;13
Clients_Router_1;0.00%;0.01%;820KiB / 7.646GiB;2;26.6kB / 1.59kB;0B / 0B;0;13
Gateways_Router_1;0.00%;0.03%;2.414MiB / 7.646GiB;2;31.4kB / 1.52kB;1.75MB / 0B;0;13
Gateway_1;34.36%;2.92%;228.5MiB / 7.646GiB;27;5.76kB / 1.3kB;356kB / 16.4kB;7;5
Client_1;0.04%;0.15%;12.02MiB / 7.646GiB;17;7.78kB / 1.18kB;1.81MB / 45.1kB;7;5
Clients_Router_1;0.00%;0.01%;788KiB / 7.646GiB;2;18.9kB / 1.52kB;0B / 0B;7;5
Gateways_Router_1;0.00%;0.03%;2.473MiB / 7.646GiB;2;20.5kB / 1.52kB;1.8MB / 0B;7;5
Gateway_1;34.05%;2.94%;230.1MiB / 7.646GiB;27;6.73kB / 1.68kB;356kB / 16.4kB;15;4
Client_1;0.11%;0.15%;12.07MiB / 7.646GiB;17;8.23kB / 1.24kB;1.81MB / 45.1kB;15;4
Clients_Router_1;0.00%;0.01%;788KiB / 7.646GiB;2;19.3kB / 1.52kB;0B / 0B;15;4
Gateways_Router_1;2.06%;0.03%;2.586MiB / 7.646GiB;2;20.9kB / 1.52kB;1.88MB / 0B;15;4
Gateway_1;33.45%;2.89%;226.1MiB / 7.646GiB;27;7.17kB / 2kB;356kB / 16.4kB;22;4
Client_1;0.04%;0.16%;12.28MiB / 7.646GiB;17;8.3kB / 1.31kB;1.87MB / 45.1kB;22;4
Clients_Router_1;0.00%;0.01%;824KiB / 7.646GiB;2;19.9kB / 1.52kB;0B / 0B;22;4
Gateways_Router_1;0.00%;0.03%;2.586MiB / 7.646GiB;2;21.4kB / 1.52kB;1.88MB / 0B;22;4
Gateway_1;32.12%;2.65%;207.7MiB / 7.646GiB;29;7.84kB / 2.27kB;487kB / 16.4kB;30;4
Client_1;0.05%;0.16%;12.42MiB / 7.646GiB;17;8.59kB / 1.38kB;1.87MB / 45.1kB;30;4
Clients_Router_1;0.00%;0.01%;824KiB / 7.646GiB;2;19.9kB / 1.52kB;0B / 0B;30;4
Gateways_Router_1;0.00%;0.03%;2.586MiB / 7.646GiB;2;21.4kB / 1.52kB;1.88MB / 0B;30;4
Gateway_1;53.24%;2.38%;186.1MiB / 7.646GiB;29;8.25kB / 2.58kB;487kB / 16.4kB;38;6
Client_1;0.03%;0.16%;12.46MiB / 7.646GiB;17;8.59kB / 1.38kB;1.87MB / 45.1kB;38;6
Clients_Router_1;0.00%;0.01%;824KiB / 7.646GiB;2;19.9kB / 1.52kB;0B / 0B;38;6
Gateways_Router_1;0.00%;0.03%;2.586MiB / 7.646GiB;2;21.4kB / 1.52kB;1.88MB / 0B;38;6
Gateway_1;41.70%;2.15%;168.5MiB / 7.646GiB;29;8.62kB / 2.85kB;487kB / 16.4kB;46;6
Client_1;0.03%;0.16%;12.62MiB / 7.646GiB;17;8.65kB / 1.44kB;1.87MB / 45.1kB;46;6
Clients_Router_1;0.00%;0.01%;824KiB / 7.646GiB;2;20kB / 1.52kB;0B / 0B;46;6
Gateways_Router_1;0.00%;0.03%;2.586MiB / 7.646GiB;2;21.4kB / 1.52kB;1.88MB / 0B;46;6
Gateway_1;35.61%;2.30%;180.1MiB / 7.646GiB;27;5.67kB / 1.3kB;1.68MB / 16.4kB;5;13
Rpc;3.20%;0.10%;7.699MiB / 7.646GiB;9;13.9kB / 3.6kB;1.44MB / 20.5kB;5;13
Client_1;0.06%;0.14%;11.15MiB / 7.646GiB;17;7.16kB / 1.05kB;492kB / 45.1kB;5;13
Clients_Router_1;0.00%;0.01%;784KiB / 7.646GiB;2;18kB / 1.59kB;0B / 0B;5;13
Gateways_Router_1;0.00%;0.01%;792KiB / 7.646GiB;2;19.3kB / 1.52kB;0B / 0B;5;13
Gateway_1;36.75%;2.26%;176.9MiB / 7.646GiB;27;6.57kB / 1.62kB;1.68MB / 16.4kB;13;4
Rpc;0.02%;0.10%;7.703MiB / 7.646GiB;9;14.5kB / 4.03kB;1.44MB / 20.5kB;13;4
Client_1;0.05%;0.14%;11.24MiB / 7.646GiB;17;7.61kB / 1.11kB;492kB / 45.1kB;13;4
Clients_Router_1;0.00%;0.01%;784KiB / 7.646GiB;2;18.4kB / 1.59kB;0B / 0B;13;4
Gateways_Router_1;0.00%;0.01%;792KiB / 7.646GiB;2;20.8kB / 2.23kB;0B / 0B;13;4
Gateway_1;33.50%;2.02%;158.5MiB / 7.646GiB;27;7.28kB / 1.99kB;1.68MB / 16.4kB;21;4
Rpc;0.02%;0.10%;7.703MiB / 7.646GiB;9;14.7kB / 4.29kB;1.44MB / 20.5kB;21;4
Client_1;0.03%;0.15%;11.39MiB / 7.646GiB;17;7.68kB / 1.18kB;492kB / 45.1kB;21;4
Clients_Router_1;0.00%;0.01%;820KiB / 7.646GiB;2;19.1kB / 1.59kB;0B / 0B;21;4
Gateways_Router_1;0.01%;0.01%;924KiB / 7.646GiB;2;21.7kB / 2.58kB;90.1kB / 0B;21;4
Gateway_1;45.49%;1.83%;143.6MiB / 7.646GiB;29;7.65kB / 2.26kB;1.81MB / 16.4kB;29;5
Rpc;0.02%;0.10%;7.703MiB / 7.646GiB;9;15kB / 4.36kB;1.44MB / 20.5kB;29;5
Client_1;0.10%;0.15%;11.48MiB / 7.646GiB;17;7.97kB / 1.25kB;492kB / 45.1kB;29;5
Clients_Router_1;0.00%;0.01%;820KiB / 7.646GiB;2;19.1kB / 1.59kB;0B / 0B;29;5
Gateways_Router_1;0.00%;0.01%;924KiB / 7.646GiB;2;21.7kB / 2.58kB;90.1kB / 0B;29;5
Gateway_1;70.79%;1.81%;141.3MiB / 7.646GiB;29;8.31kB / 2.53kB;1.81MB / 16.4kB;36;5
Client_1;0.05%;0.15%;11.52MiB / 7.646GiB;17;8.01kB / 1.29kB;492kB / 45.1kB;36;5
Clients_Router_1;0.00%;0.01%;820KiB / 7.646GiB;2;19.1kB / 1.59kB;0B / 0B;36;5
Gateways_Router_1;0.00%;0.01%;924KiB / 7.646GiB;2;21.7kB / 2.58kB;90.1kB / 0B;36;5
Gateway_1;49.07%;1.77%;138.2MiB / 7.646GiB;29;10.1kB / 2.88kB;1.81MB / 16.4kB;44;6
Client_1;0.12%;0.15%;11.68MiB / 7.646GiB;17;9.43kB / 1.36kB;492kB / 45.1kB;44;6
Clients_Router_1;0.00%;0.01%;820KiB / 7.646GiB;2;21.8kB / 1.59kB;0B / 0B;44;6
Gateways_Router_1;0.00%;0.01%;924KiB / 7.646GiB;2;24.4kB / 2.58kB;90.1kB / 0B;44;6
Gateway_1;43.97%;1.77%;138.5MiB / 7.646GiB;29;10.6kB / 3.21kB;1.81MB / 16.4kB;52;5
Client_1;0.09%;0.15%;11.73MiB / 7.646GiB;17;9.5kB / 1.43kB;492kB / 45.1kB;52;5
Clients_Router_1;0.00%;0.01%;820KiB / 7.646GiB;2;22kB / 1.59kB;0B / 0B;52;5
Gateways_Router_1;0.00%;0.01%;924KiB / 7.646GiB;2;25kB / 2.58kB;90.1kB / 0B;52;5
Gateway_1;43.39%;1.77%;138.8MiB / 7.646GiB;29;10.9kB / 3.48kB;1.81MB / 16.4kB;60;6
Client_1;0.11%;0.15%;11.9MiB / 7.646GiB;17;9.78kB / 1.49kB;492kB / 45.1kB;60;6
Clients_Router_1;0.00%;0.01%;820KiB / 7.646GiB;2;22.5kB / 1.59kB;0B / 0B;60;6
Gateways_Router_1;0.00%;0.01%;924KiB / 7.646GiB;2;25kB / 2.58kB;90.1kB / 0B;60;6
Gateway_1;43.66%;1.77%;138.8MiB / 7.646GiB;29;11.6kB / 3.84kB;1.81MB / 16.4kB;68;5
Client_1;0.05%;0.15%;11.96MiB / 7.646GiB;17;9.87kB / 1.58kB;492kB / 45.1kB;68;5
Clients_Router_1;0.00%;0.01%;820KiB / 7.646GiB;2;22.5kB / 1.59kB;0B / 0B;68;5
Gateways_Router_1;0.00%;0.01%;924KiB / 7.646GiB;2;25kB / 2.58kB;90.1kB / 0B;68;5
Gateway_1;43.74%;1.77%;138.7MiB / 7.646GiB;29;12.2kB / 4.21kB;1.81MB / 16.4kB;75;5
Client_1;0.05%;0.15%;12.07MiB / 7.646GiB;17;9.93kB / 1.64kB;492kB / 45.1kB;75;5
Clients_Router_1;0.00%;0.01%;820KiB / 7.646GiB;2;22.5kB / 1.59kB;0B / 0B;75;5
Gateways_Router_1;0.00%;0.01%;924KiB / 7.646GiB;2;25kB / 2.58kB;90.1kB / 0B;75;5
Gateway_1;44.72%;1.77%;138.9MiB / 7.646GiB;29;12.7kB / 4.57kB;1.81MB / 16.4kB;83;7
Client_1;0.03%;0.16%;12.14MiB / 7.646GiB;17;9.93kB / 1.64kB;492kB / 45.1kB;83;7
Clients_Router_1;0.00%;0.01%;820KiB / 7.646GiB;2;22.5kB / 1.59kB;0B / 0B;83;7
Gateways_Router_1;0.00%;0.01%;924KiB / 7.646GiB;2;25kB / 2.58kB;90.1kB / 0B;83;7
Gateway_1;44.67%;1.78%;139.1MiB / 7.646GiB;29;13kB / 4.84kB;1.81MB / 16.4kB;91;6
Client_1;0.03%;0.16%;12.39MiB / 7.646GiB;17;10kB / 1.75kB;492kB / 45.1kB;91;6
Clients_Router_1;0.00%;0.01%;820KiB / 7.646GiB;2;22.5kB / 1.59kB;0B / 0B;91;6
Gateways_Router_1;0.00%;0.01%;924KiB / 7.646GiB;2;25kB / 2.58kB;90.1kB / 0B;91;6
Client_1;0.19%;0.15%;11.91MiB / 7.646GiB;17;10kB / 1.75kB;492kB / 45.1kB;99;5
Clients_Router_1;0.00%;0.01%;820KiB / 7.646GiB;2;22.5kB / 1.59kB;0B / 0B;99;5
Gateways_Router_1;0.00%;0.01%;924KiB / 7.646GiB;2;25kB / 2.58kB;90.1kB / 0B;99;5
Gateway_1;36.98%;2.42%;189.2MiB / 7.646GiB;27;4.99kB / 836B;1.11MB / 16.4kB;6;6
Rpc;0.00%;0.01%;792KiB / 7.646GiB;2;6.27kB / 666B;0B / 0B;6;6
Client_1;0.05%;0.15%;11.59MiB / 7.646GiB;18;7.58kB / 1.05kB;217kB / 45.1kB;6;6
Clients_Router_1;0.00%;0.01%;784KiB / 7.646GiB;2;19.1kB / 1.52kB;0B / 0B;6;6
Gateways_Router_1;0.00%;0.01%;784KiB / 7.646GiB;2;24.6kB / 1.52kB;0B / 0B;6;6
Gateway_1;37.51%;2.39%;187.1MiB / 7.646GiB;27;5.86kB / 836B;1.11MB / 16.4kB;14;4
Rpc;0.00%;0.01%;792KiB / 7.646GiB;2;7.15kB / 736B;0B / 0B;14;4
Client_1;0.05%;0.15%;11.64MiB / 7.646GiB;18;8.04kB / 1.11kB;217kB / 45.1kB;14;4
Clients_Router_1;0.00%;0.01%;784KiB / 7.646GiB;2;19.9kB / 1.52kB;0B / 0B;14;4
Gateways_Router_1;2.09%;0.01%;824KiB / 7.646GiB;2;26.2kB / 1.52kB;0B / 0B;14;4
Gateway_1;32.13%;2.24%;175.8MiB / 7.646GiB;27;6.08kB / 836B;1.11MB / 16.4kB;21;4
Rpc;0.00%;0.01%;792KiB / 7.646GiB;2;7.15kB / 736B;0B / 0B;21;4
Client_1;0.03%;0.15%;11.73MiB / 7.646GiB;18;8.53kB / 1.18kB;217kB / 45.1kB;21;4
Clients_Router_1;0.00%;0.01%;816KiB / 7.646GiB;2;21kB / 1.52kB;0B / 0B;21;4
Gateways_Router_1;0.00%;0.01%;824KiB / 7.646GiB;2;26.7kB / 1.52kB;0B / 0B;21;4
Gateway_1;41.63%;2.04%;159.6MiB / 7.646GiB;29;6.15kB / 836B;1.11MB / 16.4kB;29;4
Rpc;0.00%;0.01%;792KiB / 7.646GiB;2;7.44kB / 806B;0B / 0B;29;4
Client_1;0.05%;0.15%;11.82MiB / 7.646GiB;18;8.81kB / 1.25kB;217kB / 45.1kB;29;4
Clients_Router_1;0.01%;0.01%;816KiB / 7.646GiB;2;21.1kB / 1.52kB;0B / 0B;29;4
Gateways_Router_1;0.00%;0.01%;824KiB / 7.646GiB;2;26.8kB / 1.52kB;0B / 0B;29;4
Gateway_1;63.12%;1.92%;150.1MiB / 7.646GiB;29;6.37kB / 836B;1.11MB / 16.4kB;37;5
Rpc;0.00%;0.01%;792KiB / 7.646GiB;2;7.44kB / 806B;0B / 0B;37;5
Client_1;0.02%;0.15%;11.88MiB / 7.646GiB;18;8.86kB / 1.29kB;217kB / 45.1kB;37;5
Clients_Router_1;0.00%;0.01%;816KiB / 7.646GiB;2;21.1kB / 1.52kB;0B / 0B;37;5
Gateways_Router_1;0.00%;0.01%;824KiB / 7.646GiB;2;26.8kB / 1.52kB;0B / 0B;37;5
Gateway_1;49.12%;1.86%;145.5MiB / 7.646GiB;29;6.8kB / 836B;1.11MB / 16.4kB;45;6
Rpc;0.00%;0.01%;792KiB / 7.646GiB;2;7.86kB / 806B;0B / 0B;45;6
Client_1;0.10%;0.15%;11.98MiB / 7.646GiB;18;8.92kB / 1.36kB;217kB / 45.1kB;45;6
Clients_Router_1;0.00%;0.01%;816KiB / 7.646GiB;2;21.5kB / 1.52kB;0B / 0B;45;6
Gateways_Router_1;0.00%;0.01%;824KiB / 7.646GiB;2;27.7kB / 1.52kB;0B / 0B;45;6
Gateway_1;44.29%;1.85%;145.2MiB / 7.646GiB;29;6.8kB / 836B;1.11MB / 16.4kB;52;5
Rpc;0.00%;0.01%;792KiB / 7.646GiB;2;7.86kB / 806B;0B / 0B;52;5
Client_1;0.09%;0.15%;12.04MiB / 7.646GiB;18;9.46kB / 1.47kB;217kB / 45.1kB;52;5
Clients_Router_1;0.00%;0.01%;816KiB / 7.646GiB;2;22.3kB / 1.52kB;0B / 0B;52;5
Gateways_Router_1;0.00%;0.01%;824KiB / 7.646GiB;2;28.2kB / 1.52kB;0B / 0B;52;5
Gateway_1;43.48%;1.83%;143.6MiB / 7.646GiB;29;6.87kB / 836B;1.11MB / 16.4kB;60;6
Rpc;0.00%;0.01%;796KiB / 7.646GiB;2;8.15kB / 876B;0B / 0B;60;6
Client_1;0.05%;0.16%;12.2MiB / 7.646GiB;18;9.74kB / 1.53kB;217kB / 45.1kB;60;6
Clients_Router_1;0.00%;0.01%;816KiB / 7.646GiB;2;22.6kB / 1.52kB;0B / 0B;60;6
Gateways_Router_1;0.00%;0.01%;824KiB / 7.646GiB;2;28.3kB / 1.52kB;0B / 0B;60;6
Gateway_1;43.56%;1.83%;143.6MiB / 7.646GiB;29;7.09kB / 836B;1.11MB / 16.4kB;68;5
Rpc;0.00%;0.01%;796KiB / 7.646GiB;2;8.15kB / 876B;0B / 0B;68;5
Client_1;0.05%;0.16%;12.25MiB / 7.646GiB;18;9.79kB / 1.58kB;217kB / 45.1kB;68;5
Clients_Router_1;0.00%;0.01%;816KiB / 7.646GiB;2;22.6kB / 1.52kB;0B / 0B;68;5
Gateways_Router_1;0.00%;0.01%;824KiB / 7.646GiB;2;28.3kB / 1.52kB;0B / 0B;68;5
Gateway_1;34.97%;2.43%;190.5MiB / 7.646GiB;27;4.77kB / 836B;1.9MB / 16.4kB;6;8
Rpc;0.28%;0.15%;11.48MiB / 7.646GiB;12;24.6kB / 10.5kB;1.44MB / 20.5kB;6;8
Client_1;4.47%;0.18%;14.4MiB / 7.646GiB;17;10.4kB / 4.26kB;1.9MB / 111kB;6;8
Clients_Router_1;0.00%;0.01%;788KiB / 7.646GiB;2;20.9kB / 5.78kB;0B / 0B;6;8
Gateways_Router_1;0.00%;0.01%;896KiB / 7.646GiB;2;18.5kB / 1.52kB;119kB / 0B;6;8
Gateway_1;35.52%;2.39%;186.9MiB / 7.646GiB;27;5.23kB / 836B;1.9MB / 16.4kB;14;5
Rpc;4.14%;0.11%;8.344MiB / 7.646GiB;7;33.7kB / 16.1kB;1.93MB / 28.7kB;14;5
Client_1;5.41%;0.19%;14.56MiB / 7.646GiB;17;19.4kB / 8.52kB;1.97MB / 160kB;14;5
Clients_Router_1;0.00%;0.01%;788KiB / 7.646GiB;2;25.5kB / 10kB;0B / 0B;14;5
Gateways_Router_1;0.00%;0.01%;896KiB / 7.646GiB;2;19.2kB / 1.52kB;119kB / 0B;14;5
Gateway_1;32.85%;2.24%;175.1MiB / 7.646GiB;27;5.45kB / 836B;1.9MB / 16.4kB;22;4
Rpc;0.02%;0.11%;8.344MiB / 7.646GiB;7;33.7kB / 16.1kB;1.93MB / 28.7kB;22;4
Client_1;1.74%;0.19%;14.95MiB / 7.646GiB;17;22.1kB / 9.71kB;1.97MB / 160kB;22;4
Clients_Router_1;0.00%;0.01%;816KiB / 7.646GiB;2;26.2kB / 10kB;0B / 0B;22;4
Gateways_Router_1;0.00%;0.01%;968KiB / 7.646GiB;2;19.8kB / 1.52kB;160kB / 0B;22;4
Gateway_1;39.53%;2.03%;159MiB / 7.646GiB;29;5.52kB / 836B;1.96MB / 16.4kB;29;6
Rpc;0.05%;0.11%;8.344MiB / 7.646GiB;7;34kB / 16.2kB;1.93MB / 28.7kB;29;6
Client_1;1.51%;0.19%;14.57MiB / 7.646GiB;17;25.5kB / 10.8kB;1.97MB / 160kB;29;6
Clients_Router_1;0.00%;0.01%;816KiB / 7.646GiB;2;26.3kB / 10kB;0B / 0B;29;6
Gateways_Router_1;0.00%;0.01%;968KiB / 7.646GiB;2;19.9kB / 1.52kB;160kB / 0B;29;6
Gateway_1;68.34%;1.88%;147.5MiB / 7.646GiB;29;5.74kB / 836B;1.96MB / 16.4kB;37;5
Rpc;0.03%;0.11%;8.344MiB / 7.646GiB;7;34kB / 16.2kB;1.93MB / 28.7kB;37;5
Client_1;1.16%;0.19%;14.78MiB / 7.646GiB;17;28.2kB / 11.9kB;1.97MB / 160kB;37;5
Clients_Router_1;0.00%;0.01%;816KiB / 7.646GiB;2;26.3kB / 10kB;0B / 0B;37;5
Gateways_Router_1;0.00%;0.01%;968KiB / 7.646GiB;2;19.9kB / 1.52kB;160kB / 0B;37;5
Gateway_1;44.36%;1.82%;142.9MiB / 7.646GiB;29;5.74kB / 836B;1.96MB / 16.4kB;45;5
Rpc;0.01%;0.11%;8.344MiB / 7.646GiB;7;34kB / 16.2kB;1.93MB / 28.7kB;45;5
Client_1;1.43%;0.19%;14.63MiB / 7.646GiB;17;31.3kB / 13.1kB;1.97MB / 160kB;45;5
Clients_Router_1;0.00%;0.01%;816KiB / 7.646GiB;2;26.3kB / 10kB;0B / 0B;45;5
Gateways_Router_1;0.00%;0.01%;968KiB / 7.646GiB;2;20kB / 1.52kB;160kB / 0B;45;5
Gateway_1;43.37%;1.82%;142.6MiB / 7.646GiB;29;5.74kB / 836B;1.96MB / 16.4kB;53;5
Rpc;0.01%;0.11%;8.344MiB / 7.646GiB;7;34kB / 16.2kB;1.93MB / 28.7kB;53;5
Client_1;1.69%;0.19%;14.68MiB / 7.646GiB;17;34kB / 14.2kB;1.97MB / 160kB;53;5
Clients_Router_1;0.00%;0.01%;816KiB / 7.646GiB;2;26.8kB / 10kB;0B / 0B;53;5
Gateways_Router_1;0.00%;0.01%;968KiB / 7.646GiB;2;20.5kB / 1.52kB;160kB / 0B;53;5
Gateway_1;42.16%;1.82%;142.9MiB / 7.646GiB;29;5.81kB / 836B;1.96MB / 16.4kB;60;6
Rpc;0.02%;0.11%;8.344MiB / 7.646GiB;7;34.3kB / 16.3kB;1.93MB / 28.7kB;60;6
Client_1;1.33%;0.19%;14.88MiB / 7.646GiB;17;37.2kB / 15.3kB;1.97MB / 160kB;60;6
Clients_Router_1;0.00%;0.01%;816KiB / 7.646GiB;2;27kB / 10kB;0B / 0B;60;6
Gateways_Router_1;0.00%;0.01%;968KiB / 7.646GiB;2;20.5kB / 1.52kB;160kB / 0B;60;6
Gateway_1;36.99%;1.82%;142.8MiB / 7.646GiB;29;6.03kB / 836B;1.96MB / 16.4kB;68;5
Rpc;0.02%;0.11%;8.344MiB / 7.646GiB;7;34.3kB / 16.3kB;1.93MB / 28.7kB;68;5
Client_1;1.48%;0.19%;14.88MiB / 7.646GiB;17;40.4kB / 16.5kB;1.97MB / 160kB;68;5
Clients_Router_1;0.00%;0.01%;816KiB / 7.646GiB;2;27kB / 10kB;0B / 0B;68;5
Gateways_Router_1;0.00%;0.01%;968KiB / 7.646GiB;2;20.5kB / 1.52kB;160kB / 0B;68;5
Gateway_1;43.41%;1.82%;142.8MiB / 7.646GiB;29;6.03kB / 836B;1.96MB / 16.4kB;76;6
Rpc;0.02%;0.11%;8.344MiB / 7.646GiB;7;34.3kB / 16.3kB;1.93MB / 28.7kB;76;6
Client_1;1.49%;0.19%;14.97MiB / 7.646GiB;17;43kB / 17.7kB;1.97MB / 160kB;76;6
Clients_Router_1;0.00%;0.01%;816KiB / 7.646GiB;2;27kB / 10kB;0B / 0B;76;6
Gateways_Router_1;0.00%;0.01%;968KiB / 7.646GiB;2;20.5kB / 1.52kB;160kB / 0B;76;6
Gateway_1;42.51%;1.83%;143.1MiB / 7.646GiB;29;6.03kB / 836B;1.96MB / 16.4kB;84;6
Rpc;0.01%;0.11%;8.344MiB / 7.646GiB;7;34.3kB / 16.3kB;1.93MB / 28.7kB;84;6
Client_1;1.67%;0.19%;15.2MiB / 7.646GiB;17;46.1kB / 18.8kB;1.97MB / 160kB;84;6
Clients_Router_1;0.00%;0.01%;816KiB / 7.646GiB;2;27kB / 10kB;0B / 0B;84;6
Gateways_Router_1;0.00%;0.01%;968KiB / 7.646GiB;2;20.5kB / 1.52kB;160kB / 0B;84;6
Gateway_1;45.07%;1.83%;143.2MiB / 7.646GiB;29;6.03kB / 836B;1.96MB / 16.4kB;92;5
Rpc;0.01%;0.11%;8.344MiB / 7.646GiB;7;34.3kB / 16.3kB;1.93MB / 28.7kB;92;5
Client_1;1.46%;0.19%;14.64MiB / 7.646GiB;17;48.8kB / 19.9kB;1.97MB / 160kB;92;5
Clients_Router_1;0.00%;0.01%;816KiB / 7.646GiB;2;27kB / 10kB;0B / 0B;92;5
Gateways_Router_1;0.00%;0.01%;968KiB / 7.646GiB;2;20.5kB / 1.52kB;160kB / 0B;92;5
Gateway_1;42.33%;1.83%;143.4MiB / 7.646GiB;29;6.03kB / 836B;1.96MB / 16.4kB;99;5
Rpc;0.04%;0.11%;8.344MiB / 7.646GiB;7;34.3kB / 16.3kB;1.93MB / 28.7kB;99;5
Client_1;1.64%;0.19%;14.85MiB / 7.646GiB;17;51.9kB / 21kB;1.97MB / 160kB;99;5
Clients_Router_1;0.00%;0.01%;816KiB / 7.646GiB;2;27kB / 10kB;0B / 0B;99;5
Gateways_Router_1;0.00%;0.01%;968KiB / 7.646GiB;2;20.5kB / 1.52kB;160kB / 0B;99;5
Gateway_1;42.61%;1.83%;143.3MiB / 7.646GiB;29;6.03kB / 836B;1.96MB / 16.4kB;107;5
Rpc;0.01%;0.11%;8.344MiB / 7.646GiB;7;34.3kB / 16.3kB;1.93MB / 28.7kB;107;5
Client_1;3.76%;0.19%;14.89MiB / 7.646GiB;17;54.6kB / 22.1kB;1.97MB / 160kB;107;5
Clients_Router_1;0.00%;0.01%;816KiB / 7.646GiB;2;27kB / 10kB;0B / 0B;107;5
Gateways_Router_1;0.00%;0.01%;968KiB / 7.646GiB;2;20.6kB / 1.52kB;160kB / 0B;107;5
Gateway_1;42.75%;1.83%;143.4MiB / 7.646GiB;29;6.03kB / 836B;1.96MB / 16.4kB;115;5
Rpc;0.02%;0.11%;8.344MiB / 7.646GiB;7;34.4kB / 16.3kB;1.93MB / 28.7kB;115;5
Client_1;1.76%;0.19%;14.97MiB / 7.646GiB;17;57.8kB / 23.4kB;1.97MB / 160kB;115;5
Clients_Router_1;0.00%;0.01%;816KiB / 7.646GiB;2;27kB / 10kB;0B / 0B;115;5
Gateways_Router_1;0.00%;0.01%;968KiB / 7.646GiB;2;21.1kB / 1.52kB;160kB / 0B;115;5
Gateway_1;42.78%;1.83%;143.4MiB / 7.646GiB;29;6.53kB / 836B;1.96MB / 16.4kB;123;5
Rpc;0.01%;0.11%;8.344MiB / 7.646GiB;7;34.8kB / 16.4kB;1.93MB / 28.7kB;123;5
Client_1;1.64%;0.19%;15.15MiB / 7.646GiB;17;61.6kB / 24.6kB;1.97MB / 160kB;123;5
Clients_Router_1;0.00%;0.01%;816KiB / 7.646GiB;2;28.4kB / 10kB;0B / 0B;123;5
Gateways_Router_1;0.00%;0.01%;968KiB / 7.646GiB;2;21.6kB / 1.52kB;160kB / 0B;123;5
Gateway_1;42.59%;1.83%;143.6MiB / 7.646GiB;29;7.18kB / 836B;1.96MB / 16.4kB;130;5
Rpc;0.02%;0.11%;8.344MiB / 7.646GiB;7;35.4kB / 16.4kB;1.93MB / 28.7kB;130;5
Client_1;1.61%;0.19%;14.86MiB / 7.646GiB;17;65.2kB / 25.7kB;1.97MB / 160kB;130;5
Clients_Router_1;0.00%;0.01%;816KiB / 7.646GiB;2;29.4kB / 10kB;0B / 0B;130;5
Gateways_Router_1;0.00%;0.01%;968KiB / 7.646GiB;2;22.9kB / 1.52kB;160kB / 0B;130;5
Gateway_1;44.04%;1.83%;143.6MiB / 7.646GiB;29;7.18kB / 836B;1.96MB / 16.4kB;138;5
Rpc;0.03%;0.11%;8.344MiB / 7.646GiB;7;35.4kB / 16.4kB;1.93MB / 28.7kB;138;5
Client_1;1.36%;0.19%;15.04MiB / 7.646GiB;17;67.5kB / 26.6kB;1.97MB / 160kB;138;5
Clients_Router_1;0.00%;0.01%;816KiB / 7.646GiB;2;29.4kB / 10kB;0B / 0B;138;5
Gateways_Router_1;0.00%;0.01%;968KiB / 7.646GiB;2;22.9kB / 1.52kB;160kB / 0B;138;5
Gateway_1;42.59%;1.83%;143.7MiB / 7.646GiB;29;7.18kB / 836B;1.96MB / 16.4kB;146;6
Rpc;0.02%;0.11%;8.344MiB / 7.646GiB;7;35.4kB / 16.4kB;1.93MB / 28.7kB;146;6
Client_1;1.47%;0.19%;14.75MiB / 7.646GiB;17;70.6kB / 27.9kB;1.97MB / 160kB;146;6
Clients_Router_1;0.00%;0.01%;816KiB / 7.646GiB;2;29.4kB / 10kB;0B / 0B;146;6
Gateways_Router_1;0.00%;0.01%;968KiB / 7.646GiB;2;22.9kB / 1.52kB;160kB / 0B;146;6
Gateway_1;43.66%;1.84%;143.9MiB / 7.646GiB;29;7.18kB / 836B;1.96MB / 16.4kB;154;5
Rpc;0.04%;0.11%;8.344MiB / 7.646GiB;7;35.4kB / 16.4kB;1.93MB / 28.7kB;154;5
Client_1;1.59%;0.19%;14.84MiB / 7.646GiB;17;73.8kB / 29.1kB;1.97MB / 160kB;154;5
Clients_Router_1;0.00%;0.01%;816KiB / 7.646GiB;2;29.4kB / 10kB;0B / 0B;154;5
Gateways_Router_1;0.00%;0.01%;968KiB / 7.646GiB;2;22.9kB / 1.52kB;160kB / 0B;154;5
Gateway_1;0.00%;0.00%;0B / 0B;0;0B / 0B;0B / 0B;162;7
Rpc;0.02%;0.11%;8.344MiB / 7.646GiB;7;35.7kB / 16.4kB;1.93MB / 28.7kB;162;7
Client_1;2.09%;0.19%;15.2MiB / 7.646GiB;17;76.9kB / 30.2kB;1.97MB / 160kB;162;7
Clients_Router_1;0.00%;0.01%;816KiB / 7.646GiB;2;29.8kB / 10kB;0B / 0B;162;7
Gateways_Router_1;0.00%;0.01%;968KiB / 7.646GiB;2;22.9kB / 1.52kB;160kB / 0B;162;7
Gateway_1;34.89%;2.37%;185.5MiB / 7.646GiB;27;4.61kB / 836B;0B / 16.4kB;6;6
Rpc;0.78%;0.14%;10.83MiB / 7.646GiB;12;23.7kB / 8.96kB;0B / 20.5kB;6;6
Client_1;0.06%;0.14%;11.05MiB / 7.646GiB;17;8.85kB / 2.5kB;111kB / 53.2kB;6;6
Clients_Router_1;0.00%;0.01%;776KiB / 7.646GiB;2;22kB / 3.96kB;0B / 0B;6;6
Gateways_Router_1;0.00%;0.01%;780KiB / 7.646GiB;2;24.1kB / 1.52kB;0B / 0B;6;6
Gateway_1;34.43%;2.37%;185.3MiB / 7.646GiB;27;5.65kB / 836B;0B / 16.4kB;14;6
Rpc;0.02%;0.13%;9.922MiB / 7.646GiB;12;33.6kB / 14.1kB;0B / 28.7kB;14;6
Client_1;1.64%;0.16%;12.91MiB / 7.646GiB;17;15.4kB / 5.47kB;242kB / 123kB;14;6
Clients_Router_1;0.00%;0.01%;776KiB / 7.646GiB;2;26kB / 7.11kB;0B / 0B;14;6
Gateways_Router_1;2.11%;0.01%;996KiB / 7.646GiB;2;25.4kB / 1.52kB;0B / 0B;14;6
Gateway_1;29.02%;2.22%;173.9MiB / 7.646GiB;27;5.87kB / 836B;0B / 16.4kB;22;4
Rpc;0.01%;0.08%;6.359MiB / 7.646GiB;8;34.7kB / 16.2kB;0B / 28.7kB;22;4
Client_1;1.26%;0.17%;12.99MiB / 7.646GiB;18;22.1kB / 9.2kB;242kB / 160kB;22;4
Clients_Router_1;0.00%;0.01%;824KiB / 7.646GiB;2;29.9kB / 10kB;0B / 0B;22;4
Gateways_Router_1;0.00%;0.01%;820KiB / 7.646GiB;2;26kB / 1.52kB;0B / 0B;22;4
Gateway_1;45.66%;2.02%;157.8MiB / 7.646GiB;29;5.94kB / 836B;0B / 16.4kB;29;5
Rpc;0.02%;0.08%;6.359MiB / 7.646GiB;8;35kB / 16.3kB;0B / 28.7kB;29;5
Client_1;1.61%;0.17%;13.24MiB / 7.646GiB;18;25.5kB / 10.4kB;242kB / 160kB;29;5
Clients_Router_1;0.00%;0.01%;824KiB / 7.646GiB;2;30kB / 10kB;0B / 0B;29;5
Gateways_Router_1;0.00%;0.01%;820KiB / 7.646GiB;2;26kB / 1.52kB;0B / 0B;29;5
Gateway_1;56.32%;1.85%;144.7MiB / 7.646GiB;29;6.16kB / 836B;0B / 16.4kB;37;14
Rpc;0.01%;0.08%;6.359MiB / 7.646GiB;8;35kB / 16.3kB;0B / 28.7kB;37;14
Client_1;1.42%;0.17%;13.3MiB / 7.646GiB;18;27.8kB / 11.3kB;242kB / 160kB;37;14
Clients_Router_1;0.00%;0.01%;824KiB / 7.646GiB;2;30kB / 10kB;0B / 0B;37;14
Gateways_Router_1;0.00%;0.01%;820KiB / 7.646GiB;2;26kB / 1.52kB;0B / 0B;37;14
Gateway_1;52.39%;1.75%;136.9MiB / 7.646GiB;29;6.58kB / 836B;0B / 16.4kB;45;9
Rpc;0.01%;0.08%;6.363MiB / 7.646GiB;8;35.4kB / 16.3kB;0B / 28.7kB;45;9
Client_1;1.43%;0.17%;13.05MiB / 7.646GiB;18;31.3kB / 12.6kB;242kB / 160kB;45;9
Clients_Router_1;0.00%;0.01%;824KiB / 7.646GiB;2;30.4kB / 10kB;0B / 0B;45;9
Gateways_Router_1;0.00%;0.01%;820KiB / 7.646GiB;2;26.9kB / 1.52kB;0B / 0B;45;9
Gateway_1;42.37%;1.74%;136.5MiB / 7.646GiB;29;6.58kB / 836B;0B / 16.4kB;53;11
Rpc;0.04%;0.08%;6.363MiB / 7.646GiB;8;35.4kB / 16.3kB;0B / 28.7kB;53;11
Client_1;1.51%;0.17%;13.21MiB / 7.646GiB;18;34.4kB / 13.6kB;242kB / 160kB;53;11
Clients_Router_1;0.00%;0.01%;824KiB / 7.646GiB;2;31.2kB / 10kB;0B / 0B;53;11
Gateways_Router_1;0.00%;0.01%;820KiB / 7.646GiB;2;27.4kB / 1.52kB;0B / 0B;53;11
Gateway_1;43.53%;1.75%;136.7MiB / 7.646GiB;29;6.65kB / 836B;0B / 16.4kB;60;7
Rpc;0.02%;0.08%;6.367MiB / 7.646GiB;8;35.7kB / 16.3kB;0B / 28.7kB;60;7
Client_1;1.52%;0.17%;13.56MiB / 7.646GiB;18;37.7kB / 14.8kB;242kB / 160kB;60;7
Clients_Router_1;0.00%;0.01%;824KiB / 7.646GiB;2;31.6kB / 10kB;0B / 0B;60;7
Gateways_Router_1;0.00%;0.01%;820KiB / 7.646GiB;2;27.5kB / 1.52kB;0B / 0B;60;7
Gateway_1;42.36%;1.75%;136.7MiB / 7.646GiB;29;6.87kB / 836B;0B / 16.4kB;68;5
Rpc;0.02%;0.08%;6.367MiB / 7.646GiB;8;35.7kB / 16.3kB;0B / 28.7kB;68;5
Client_1;1.60%;0.17%;13.12MiB / 7.646GiB;18;40.8kB / 16kB;242kB / 160kB;68;5
Clients_Router_1;0.00%;0.01%;824KiB / 7.646GiB;2;31.6kB / 10kB;0B / 0B;68;5
Gateways_Router_1;0.00%;0.01%;820KiB / 7.646GiB;2;27.5kB / 1.52kB;0B / 0B;68;5
Gateway_1;44.18%;1.75%;136.8MiB / 7.646GiB;29;6.87kB / 836B;0B / 16.4kB;76;5
Rpc;0.02%;0.08%;6.367MiB / 7.646GiB;8;35.7kB / 16.3kB;0B / 28.7kB;76;5
Client_1;1.51%;0.17%;13.23MiB / 7.646GiB;18;43.4kB / 17.1kB;242kB / 160kB;76;5
Clients_Router_1;0.00%;0.01%;824KiB / 7.646GiB;2;31.6kB / 10kB;0B / 0B;76;5
Gateways_Router_1;0.00%;0.01%;820KiB / 7.646GiB;2;27.5kB / 1.52kB;0B / 0B;76;5
Gateway_1;42.71%;1.75%;136.9MiB / 7.646GiB;29;6.87kB / 836B;0B / 16.4kB;84;5
Rpc;0.02%;0.08%;6.367MiB / 7.646GiB;8;35.7kB / 16.3kB;0B / 28.7kB;84;5
Client_1;3.09%;0.17%;13.23MiB / 7.646GiB;18;46.5kB / 18.2kB;242kB / 160kB;84;5
Clients_Router_1;0.00%;0.01%;824KiB / 7.646GiB;2;31.6kB / 10kB;0B / 0B;84;5
Gateways_Router_1;0.00%;0.01%;820KiB / 7.646GiB;2;27.5kB / 1.52kB;0B / 0B;84;5
Gateway_1;42.41%;1.75%;137.2MiB / 7.646GiB;29;6.87kB / 836B;0B / 16.4kB;92;6
Rpc;0.01%;0.08%;6.367MiB / 7.646GiB;8;35.7kB / 16.3kB;0B / 28.7kB;92;6
Client_1;1.23%;0.17%;13.31MiB / 7.646GiB;18;49.2kB / 19.3kB;242kB / 160kB;92;6
Clients_Router_1;0.00%;0.01%;824KiB / 7.646GiB;2;31.6kB / 10kB;0B / 0B;92;6
Gateways_Router_1;0.00%;0.01%;820KiB / 7.646GiB;2;27.5kB / 1.52kB;0B / 0B;92;6
Gateway_1;41.98%;1.75%;137.2MiB / 7.646GiB;29;6.87kB / 836B;0B / 16.4kB;99;5
Rpc;0.02%;0.08%;6.367MiB / 7.646GiB;8;35.7kB / 16.3kB;0B / 28.7kB;99;5
Client_1;1.66%;0.17%;13.42MiB / 7.646GiB;18;52.3kB / 20.4kB;242kB / 160kB;99;5
Clients_Router_1;0.00%;0.01%;824KiB / 7.646GiB;2;31.6kB / 10kB;0B / 0B;99;5
Gateways_Router_1;0.00%;0.01%;820KiB / 7.646GiB;2;27.5kB / 1.52kB;0B / 0B;99;5
Gateway_1;43.08%;1.75%;137.3MiB / 7.646GiB;29;6.87kB / 836B;0B / 16.4kB;107;6
Rpc;0.02%;0.08%;6.367MiB / 7.646GiB;8;35.7kB / 16.3kB;0B / 28.7kB;107;6
Client_1;1.49%;0.17%;13.18MiB / 7.646GiB;18;54.6kB / 21.4kB;242kB / 160kB;107;6
Clients_Router_1;0.00%;0.01%;824KiB / 7.646GiB;2;31.6kB / 10kB;0B / 0B;107;6
Gateways_Router_1;0.00%;0.01%;820KiB / 7.646GiB;2;27.5kB / 1.52kB;0B / 0B;107;6
Gateway_1;42.80%;1.75%;137.3MiB / 7.646GiB;29;7.37kB / 836B;0B / 16.4kB;115;5
Rpc;0.02%;0.08%;6.367MiB / 7.646GiB;8;36.1kB / 16.3kB;0B / 28.7kB;115;5
Client_1;1.58%;0.17%;13.23MiB / 7.646GiB;18;58.7kB / 22.8kB;242kB / 160kB;115;5
Clients_Router_1;0.00%;0.01%;824KiB / 7.646GiB;2;32.5kB / 10kB;0B / 0B;115;5
Gateways_Router_1;0.00%;0.01%;820KiB / 7.646GiB;2;28.9kB / 1.52kB;0B / 0B;115;5
Gateway_1;43.41%;1.76%;137.5MiB / 7.646GiB;29;7.79kB / 836B;0B / 16.4kB;123;5
Rpc;0.03%;0.08%;6.367MiB / 7.646GiB;8;36.6kB / 16.3kB;0B / 28.7kB;123;5
Client_1;1.58%;0.17%;13.61MiB / 7.646GiB;18;62.1kB / 23.8kB;242kB / 160kB;123;5
Clients_Router_1;0.00%;0.01%;824KiB / 7.646GiB;2;33.9kB / 10kB;0B / 0B;123;5
Gateways_Router_1;0.00%;0.01%;820KiB / 7.646GiB;2;29.4kB / 1.52kB;0B / 0B;123;5
Gateway_1;43.24%;1.76%;137.5MiB / 7.646GiB;29;8.44kB / 836B;0B / 16.4kB;130;6
Rpc;0.03%;0.08%;6.367MiB / 7.646GiB;8;37.3kB / 16.4kB;0B / 28.7kB;130;6
Client_1;1.59%;0.17%;13.27MiB / 7.646GiB;18;65.7kB / 25kB;242kB / 160kB;130;6
Clients_Router_1;0.00%;0.01%;824KiB / 7.646GiB;2;34.8kB / 10kB;0B / 0B;130;6
Gateways_Router_1;0.00%;0.01%;820KiB / 7.646GiB;2;30.7kB / 1.52kB;0B / 0B;130;6
Gateway_1;43.47%;1.76%;137.5MiB / 7.646GiB;29;8.44kB / 836B;0B / 16.4kB;138;6
Rpc;0.02%;0.08%;6.367MiB / 7.646GiB;8;37.3kB / 16.4kB;0B / 28.7kB;138;6
Client_1;1.56%;0.17%;13.39MiB / 7.646GiB;18;68kB / 25.9kB;242kB / 160kB;138;6
Clients_Router_1;0.00%;0.01%;824KiB / 7.646GiB;2;34.9kB / 10kB;0B / 0B;138;6
Gateways_Router_1;0.00%;0.01%;820KiB / 7.646GiB;2;30.7kB / 1.52kB;0B / 0B;138;6
Gateway_1;43.16%;1.76%;137.6MiB / 7.646GiB;29;8.44kB / 836B;0B / 16.4kB;146;6
Rpc;0.02%;0.08%;6.367MiB / 7.646GiB;8;37.3kB / 16.4kB;0B / 28.7kB;146;6
Client_1;1.52%;0.17%;13.31MiB / 7.646GiB;18;71.1kB / 27.2kB;242kB / 160kB;146;6
Clients_Router_1;0.00%;0.01%;824KiB / 7.646GiB;2;34.9kB / 10kB;0B / 0B;146;6
Gateways_Router_1;0.00%;0.01%;820KiB / 7.646GiB;2;30.7kB / 1.52kB;0B / 0B;146;6
Gateway_1;45.59%;1.76%;137.8MiB / 7.646GiB;29;8.44kB / 836B;0B / 16.4kB;154;5
Rpc;0.02%;0.08%;6.367MiB / 7.646GiB;8;37.3kB / 16.4kB;0B / 28.7kB;154;5
Client_1;1.58%;0.17%;13.54MiB / 7.646GiB;18;74.2kB / 28.3kB;242kB / 160kB;154;5
Clients_Router_1;0.00%;0.01%;824KiB / 7.646GiB;2;34.9kB / 10kB;0B / 0B;154;5
Gateways_Router_1;0.00%;0.01%;820KiB / 7.646GiB;2;30.7kB / 1.52kB;0B / 0B;154;5
Gateway_1;0.00%;0.00%;0B / 0B;0;0B / 0B;0B / 0B;162;7
Rpc;0.03%;0.08%;6.367MiB / 7.646GiB;8;37.5kB / 16.4kB;0B / 28.7kB;162;7
Client_1;1.98%;0.18%;13.74MiB / 7.646GiB;18;77.1kB / 29.4kB;242kB / 160kB;162;7
Clients_Router_1;0.00%;0.01%;824KiB / 7.646GiB;2;35.3kB / 10kB;0B / 0B;162;7
Gateways_Router_1;0.00%;0.01%;820KiB / 7.646GiB;2;30.7kB / 1.52kB;0B / 0B;162;7
Gateway_1;35.47%;2.85%;223.1MiB / 7.646GiB;27;4.99kB / 836B;0B / 16.4kB;5;5
Rpc;2.79%;0.08%;6.516MiB / 7.646GiB;8;18.6kB / 6.96kB;0B / 20.5kB;5;5
Client_1;0.66%;0.14%;10.82MiB / 7.646GiB;15;8.85kB / 2.5kB;0B / 53.2kB;5;5
Clients_Router_1;0.00%;0.01%;776KiB / 7.646GiB;2;22kB / 3.96kB;0B / 0B;5;5
Gateways_Router_1;0.00%;0.01%;788KiB / 7.646GiB;2;24.2kB / 1.52kB;0B / 0B;5;5
Gateway_1;35.12%;2.94%;229.8MiB / 7.646GiB;27;5.86kB / 836B;0B / 16.4kB;13;4
Rpc;0.25%;0.13%;10.48MiB / 7.646GiB;12;29.4kB / 12.3kB;0B / 20.5kB;13;4
Client_1;0.03%;0.14%;10.92MiB / 7.646GiB;15;9.38kB / 2.66kB;0B / 53.2kB;13;4
Clients_Router_1;0.00%;0.01%;776KiB / 7.646GiB;2;23kB / 4.12kB;0B / 0B;13;4
Gateways_Router_1;0.00%;0.01%;788KiB / 7.646GiB;2;25.9kB / 1.52kB;0B / 0B;13;4
Gateway_1;32.69%;2.85%;223.1MiB / 7.646GiB;27;6.08kB / 836B;0B / 16.4kB;21;4
Rpc;0.05%;0.13%;10.3MiB / 7.646GiB;12;38.2kB / 17.4kB;0B / 28.7kB;21;4
Client_1;3.39%;0.16%;12.66MiB / 7.646GiB;17;16.8kB / 5.92kB;0B / 123kB;21;4
Clients_Router_1;0.00%;0.01%;820KiB / 7.646GiB;2;27.1kB / 7.36kB;0B / 0B;21;4
Gateways_Router_1;0.00%;0.01%;828KiB / 7.646GiB;2;26.4kB / 1.52kB;0B / 0B;21;4
Gateway_1;38.46%;2.65%;207.4MiB / 7.646GiB;29;6.15kB / 836B;0B / 16.4kB;29;4
Rpc;0.01%;0.08%;6.156MiB / 7.646GiB;8;39.6kB / 19.6kB;0B / 28.7kB;29;4
Client_1;1.81%;0.17%;13.42MiB / 7.646GiB;17;22.9kB / 9.4kB;0B / 160kB;29;4
Clients_Router_1;0.00%;0.01%;820KiB / 7.646GiB;2;30.3kB / 10.3kB;0B / 0B;29;4
Gateways_Router_1;0.00%;0.01%;828KiB / 7.646GiB;2;26.5kB / 1.52kB;0B / 0B;29;4
Gateway_1;52.16%;2.45%;191.8MiB / 7.646GiB;29;6.37kB / 836B;0B / 16.4kB;37;5
Rpc;0.02%;0.08%;6.156MiB / 7.646GiB;8;39.6kB / 19.6kB;0B / 28.7kB;37;5
Client_1;1.17%;0.16%;12.61MiB / 7.646GiB;17;25.5kB / 10.5kB;0B / 160kB;37;5
Clients_Router_1;0.00%;0.01%;820KiB / 7.646GiB;2;30.3kB / 10.3kB;0B / 0B;37;5
Gateways_Router_1;0.00%;0.01%;828KiB / 7.646GiB;2;26.5kB / 1.52kB;0B / 0B;37;5
Gateway_1;44.66%;2.24%;175.4MiB / 7.646GiB;29;6.37kB / 836B;0B / 16.4kB;44;6
Rpc;0.02%;0.08%;6.156MiB / 7.646GiB;8;40.1kB / 19.6kB;0B / 28.7kB;44;6
Client_1;1.32%;0.16%;12.88MiB / 7.646GiB;17;28.7kB / 11.7kB;0B / 160kB;44;6
Clients_Router_1;0.00%;0.01%;820KiB / 7.646GiB;2;30.7kB / 10.3kB;0B / 0B;44;6
Gateways_Router_1;0.00%;0.01%;828KiB / 7.646GiB;2;27.3kB / 1.52kB;0B / 0B;44;6
Gateway_1;43.11%;2.06%;161.1MiB / 7.646GiB;29;6.8kB / 836B;0B / 16.4kB;52;5
Rpc;0.02%;0.08%;6.156MiB / 7.646GiB;8;40.1kB / 19.7kB;0B / 28.7kB;52;5
Client_1;1.59%;0.17%;13.28MiB / 7.646GiB;17;32.1kB / 12.9kB;0B / 160kB;52;5
Clients_Router_1;0.00%;0.01%;820KiB / 7.646GiB;2;31.6kB / 10.3kB;0B / 0B;52;5
Gateways_Router_1;0.00%;0.01%;828KiB / 7.646GiB;2;27.9kB / 1.52kB;0B / 0B;52;5
Gateway_1;42.85%;1.91%;149.3MiB / 7.646GiB;29;6.87kB / 836B;0B / 16.4kB;60;6
Rpc;0.02%;0.08%;6.16MiB / 7.646GiB;8;40.4kB / 19.7kB;0B / 28.7kB;60;6
Client_1;1.46%;0.17%;13.08MiB / 7.646GiB;17;35.8kB / 14.2kB;0B / 160kB;60;6
Clients_Router_1;0.00%;0.01%;820KiB / 7.646GiB;2;31.8kB / 10.3kB;0B / 0B;60;6
Gateways_Router_1;0.00%;0.01%;828KiB / 7.646GiB;2;28kB / 1.52kB;0B / 0B;60;6
Gateway_1;42.93%;1.86%;145.5MiB / 7.646GiB;29;7.09kB / 836B;0B / 16.4kB;68;5
Rpc;0.05%;0.08%;6.16MiB / 7.646GiB;8;40.4kB / 19.7kB;0B / 28.7kB;68;5
Client_1;1.64%;0.17%;13.18MiB / 7.646GiB;17;38kB / 15.1kB;0B / 160kB;68;5
Clients_Router_1;0.00%;0.01%;820KiB / 7.646GiB;2;31.8kB / 10.3kB;0B / 0B;68;5
Gateways_Router_1;0.00%;0.01%;828KiB / 7.646GiB;2;28kB / 1.52kB;0B / 0B;68;5
Gateway_1;43.59%;1.85%;144.9MiB / 7.646GiB;29;7.09kB / 836B;0B / 16.4kB;75;6
Rpc;0.02%;0.08%;6.16MiB / 7.646GiB;8;40.4kB / 19.7kB;0B / 28.7kB;75;6
Client_1;1.54%;0.17%;13.52MiB / 7.646GiB;17;41.6kB / 16.5kB;0B / 160kB;75;6
Clients_Router_1;0.00%;0.01%;820KiB / 7.646GiB;2;31.8kB / 10.3kB;0B / 0B;75;6
Gateways_Router_1;0.00%;0.01%;828KiB / 7.646GiB;2;28kB / 1.52kB;0B / 0B;75;6
Gateway_1;43.10%;1.85%;145.1MiB / 7.646GiB;29;7.09kB / 836B;0B / 16.4kB;83;6
Rpc;0.03%;0.08%;6.16MiB / 7.646GiB;8;40.4kB / 19.7kB;0B / 28.7kB;83;6
Client_1;1.54%;0.16%;12.82MiB / 7.646GiB;17;44.3kB / 17.5kB;0B / 160kB;83;6
Clients_Router_1;0.00%;0.01%;820KiB / 7.646GiB;2;31.8kB / 10.3kB;0B / 0B;83;6
Gateways_Router_1;0.00%;0.01%;828KiB / 7.646GiB;2;28kB / 1.52kB;0B / 0B;83;6
Gateway_1;42.02%;1.86%;145.4MiB / 7.646GiB;29;7.09kB / 836B;0B / 16.4kB;91;5
Rpc;0.01%;0.08%;6.16MiB / 7.646GiB;8;40.4kB / 19.7kB;0B / 28.7kB;91;5
Client_1;1.36%;0.17%;13MiB / 7.646GiB;17;46.9kB / 18.6kB;0B / 160kB;91;5
Clients_Router_1;0.00%;0.01%;820KiB / 7.646GiB;2;31.8kB / 10.3kB;0B / 0B;91;5
Gateways_Router_1;0.00%;0.01%;828KiB / 7.646GiB;2;28kB / 1.52kB;0B / 0B;91;5
Gateway_1;50.68%;2.25%;176.4MiB / 7.646GiB;29;9.47kB / 18.6kB;0B / 16.4kB;99;5
Rpc;0.64%;0.09%;7.406MiB / 7.646GiB;8;60.9kB / 35.3kB;242kB / 28.7kB;99;5
Client_1;4.06%;0.18%;13.91MiB / 7.646GiB;17;62.9kB / 22.9kB;131kB / 160kB;99;5
Clients_Router_1;0.01%;0.01%;820KiB / 7.646GiB;2;47.7kB / 25.9kB;0B / 0B;99;5
Gateways_Router_1;0.00%;0.01%;828KiB / 7.646GiB;2;28kB / 1.52kB;0B / 0B;99;5
Gateway_1;43.63%;2.26%;176.7MiB / 7.646GiB;29;11.5kB / 20.9kB;0B / 16.4kB;107;6
Rpc;0.02%;0.11%;8.316MiB / 7.646GiB;12;76.6kB / 42kB;242kB / 28.7kB;107;6
Client_1;1.52%;0.17%;13.67MiB / 7.646GiB;17;68.7kB / 37.6kB;131kB / 193kB;107;6
Clients_Router_1;0.00%;0.01%;820KiB / 7.646GiB;2;65.6kB / 43.7kB;0B / 0B;107;6
Gateways_Router_1;0.00%;0.01%;828KiB / 7.646GiB;2;52.8kB / 26.4kB;0B / 0B;107;6
Gateway_1;43.64%;2.27%;177.5MiB / 7.646GiB;29;14.7kB / 24.4kB;0B / 16.4kB;114;5
Rpc;0.01%;0.11%;8.516MiB / 7.646GiB;12;85.5kB / 49.9kB;242kB / 28.7kB;114;5
Client_1;1.53%;0.18%;13.85MiB / 7.646GiB;17;75.8kB / 44.1kB;131kB / 209kB;114;5
Clients_Router_1;0.00%;0.01%;820KiB / 7.646GiB;2;76.7kB / 53.8kB;0B / 0B;114;5
Gateways_Router_1;0.00%;0.01%;828KiB / 7.646GiB;2;60.5kB / 32.6kB;0B / 0B;114;5
Gateway_1;41.39%;2.27%;177.8MiB / 7.646GiB;29;17.7kB / 28kB;0B / 16.4kB;122;5
Rpc;0.02%;0.11%;8.688MiB / 7.646GiB;12;94.3kB / 58.2kB;242kB / 28.7kB;122;5
Client_1;1.49%;0.18%;14.01MiB / 7.646GiB;17;83.7kB / 50.6kB;131kB / 221kB;122;5
Clients_Router_1;0.00%;0.01%;820KiB / 7.646GiB;2;88.3kB / 64kB;0B / 0B;122;5
Gateways_Router_1;0.00%;0.01%;828KiB / 7.646GiB;2;67.7kB / 39kB;0B / 0B;122;5
Gateway_1;43.39%;2.27%;178.1MiB / 7.646GiB;29;21.4kB / 31.6kB;0B / 16.4kB;130;5
Rpc;0.02%;0.11%;8.859MiB / 7.646GiB;12;103kB / 66.4kB;242kB / 28.7kB;130;5
Client_1;1.50%;0.18%;14.34MiB / 7.646GiB;18;91.6kB / 56.9kB;205kB / 299kB;130;5
Clients_Router_1;0.00%;0.01%;820KiB / 7.646GiB;2;99.4kB / 74.3kB;0B / 0B;130;5
Gateways_Router_1;0.00%;0.01%;828KiB / 7.646GiB;2;75kB / 45.4kB;0B / 0B;130;5
Gateway_1;43.35%;2.28%;178.4MiB / 7.646GiB;29;26.5kB / 37.2kB;0B / 16.4kB;138;6
Rpc;0.06%;0.12%;9.121MiB / 7.646GiB;12;117kB / 78.9kB;242kB / 28.7kB;138;6
Client_1;1.60%;0.19%;14.62MiB / 7.646GiB;18;102kB / 66.6kB;205kB / 324kB;138;6
Clients_Router_1;0.01%;0.01%;820KiB / 7.646GiB;2;115kB / 89.7kB;0B / 0B;138;6
Gateways_Router_1;0.00%;0.01%;828KiB / 7.646GiB;2;85.8kB / 56.1kB;0B / 0B;138;6
Gateway_1;41.98%;2.28%;178.5MiB / 7.646GiB;29;29.7kB / 42.4kB;0B / 16.4kB;145;6
Rpc;0.01%;0.12%;9.406MiB / 7.646GiB;12;129kB / 90.5kB;242kB / 28.7kB;145;6
Client_1;1.45%;0.18%;14.21MiB / 7.646GiB;18;112kB / 75.2kB;205kB / 336kB;145;6
Clients_Router_1;0.00%;0.01%;820KiB / 7.646GiB;2;129kB / 104kB;0B / 0B;145;6
Gateways_Router_1;0.00%;0.01%;828KiB / 7.646GiB;2;94.2kB / 64.5kB;0B / 0B;145;6
Gateway_1;45.98%;2.28%;178.9MiB / 7.646GiB;29;32.5kB / 46kB;0B / 16.4kB;153;6
Rpc;0.07%;0.12%;9.5MiB / 7.646GiB;12;137kB / 98.7kB;242kB / 28.7kB;153;6
Client_1;1.32%;0.19%;14.63MiB / 7.646GiB;18;120kB / 81.7kB;205kB / 434kB;153;6
Clients_Router_1;0.01%;0.01%;820KiB / 7.646GiB;2;140kB / 115kB;0B / 0B;153;6
Gateways_Router_1;0.00%;0.01%;828KiB / 7.646GiB;2;101kB / 70.9kB;0B / 0B;153;6
Gateway_1;43.70%;2.29%;179MiB / 7.646GiB;29;35.3kB / 49.7kB;0B / 16.4kB;161;6
Rpc;0.02%;0.12%;9.598MiB / 7.646GiB;12;145kB / 107kB;242kB / 28.7kB;161;6
Client_1;1.53%;0.19%;14.88MiB / 7.646GiB;18;127kB / 88kB;205kB / 446kB;161;6
Clients_Router_1;0.00%;0.01%;820KiB / 7.646GiB;2;150kB / 125kB;0B / 0B;161;6
Gateways_Router_1;0.00%;0.01%;828KiB / 7.646GiB;2;107kB / 77.3kB;0B / 0B;161;6
Gateway_1;43.70%;2.29%;179.1MiB / 7.646GiB;29;38kB / 53.3kB;0B / 16.4kB;169;5
Rpc;0.05%;0.12%;9.727MiB / 7.646GiB;12;154kB / 115kB;242kB / 28.7kB;169;5
Client_1;1.52%;0.19%;14.75MiB / 7.646GiB;18;134kB / 94.3kB;205kB / 459kB;169;5
Clients_Router_1;0.00%;0.01%;820KiB / 7.646GiB;2;160kB / 135kB;0B / 0B;169;5
Gateways_Router_1;0.00%;0.01%;828KiB / 7.646GiB;2;113kB / 83.7kB;0B / 0B;169;5
Gateway_1;44.15%;2.29%;179.2MiB / 7.646GiB;29;43.2kB / 58.8kB;0B / 16.4kB;177;5
Rpc;0.02%;0.13%;9.934MiB / 7.646GiB;12;167kB / 127kB;242kB / 28.7kB;177;5
Client_1;1.71%;0.19%;14.86MiB / 7.646GiB;18;144kB / 104kB;205kB / 590kB;177;5
Clients_Router_1;0.00%;0.01%;820KiB / 7.646GiB;2;175kB / 150kB;0B / 0B;177;5
Gateways_Router_1;0.00%;0.01%;828KiB / 7.646GiB;2;124kB / 94.4kB;0B / 0B;177;5
Gateway_1;42.75%;2.29%;179.5MiB / 7.646GiB;29;46.4kB / 64.1kB;0B / 16.4kB;184;5
Rpc;0.01%;0.13%;10.23MiB / 7.646GiB;12;179kB / 139kB;242kB / 28.7kB;184;5
Client_1;6.35%;0.19%;14.67MiB / 7.646GiB;18;154kB / 113kB;205kB / 602kB;184;5
Clients_Router_1;0.00%;0.01%;820KiB / 7.646GiB;2;190kB / 165kB;0B / 0B;184;5
Gateways_Router_1;0.00%;0.01%;828KiB / 7.646GiB;2;133kB / 103kB;0B / 0B;184;5
Gateway_1;49.58%;2.29%;179.5MiB / 7.646GiB;29;49.2kB / 67.5kB;0B / 16.4kB;192;5
Rpc;2.52%;0.13%;10.04MiB / 7.646GiB;12;184kB / 144kB;242kB / 28.7kB;192;5
Client_1;7.15%;0.19%;14.91MiB / 7.646GiB;18;161kB / 119kB;205kB / 614kB;192;5
Clients_Router_1;0.00%;0.01%;820KiB / 7.646GiB;2;200kB / 175kB;0B / 0B;192;5
Gateways_Router_1;0.00%;0.01%;828KiB / 7.646GiB;2;139kB / 109kB;0B / 0B;192;5
Gateway_1;43.00%;2.29%;179.6MiB / 7.646GiB;29;51.9kB / 71.2kB;0B / 16.4kB;200;5
Rpc;0.01%;0.13%;10.34MiB / 7.646GiB;12;196kB / 155kB;242kB / 28.7kB;200;5
Client_1;1.39%;0.19%;14.73MiB / 7.646GiB;18;168kB / 125kB;205kB / 627kB;200;5
Clients_Router_1;0.00%;0.01%;820KiB / 7.646GiB;2;211kB / 186kB;0B / 0B;200;5
Gateways_Router_1;0.00%;0.01%;828KiB / 7.646GiB;2;145kB / 116kB;0B / 0B;200;5
Gateway_1;44.42%;2.29%;179.7MiB / 7.646GiB;29;54.7kB / 74.8kB;0B / 16.4kB;208;6
Rpc;0.02%;0.13%;10.46MiB / 7.646GiB;12;204kB / 164kB;242kB / 28.7kB;208;6
Client_1;1.52%;0.19%;14.88MiB / 7.646GiB;18;175kB / 131kB;205kB / 770kB;208;6
Clients_Router_1;0.01%;0.01%;820KiB / 7.646GiB;2;221kB / 196kB;0B / 0B;208;6
Gateways_Router_1;0.00%;0.01%;828KiB / 7.646GiB;2;152kB / 122kB;0B / 0B;208;6
Gateway_1;43.12%;2.29%;179.7MiB / 7.646GiB;29;57.5kB / 78.4kB;0B / 16.4kB;215;6
Rpc;0.02%;0.14%;10.59MiB / 7.646GiB;12;213kB / 172kB;242kB / 28.7kB;215;6
Client_1;1.36%;0.20%;15.63MiB / 7.646GiB;18;182kB / 138kB;205kB / 782kB;215;6
Clients_Router_1;0.00%;0.01%;820KiB / 7.646GiB;2;231kB / 206kB;0B / 0B;215;6
Gateways_Router_1;0.01%;0.01%;828KiB / 7.646GiB;2;158kB / 128kB;0B / 0B;215;6
Gateway_1;44.96%;2.30%;179.8MiB / 7.646GiB;29;60.3kB / 82.1kB;0B / 16.4kB;223;5
Rpc;0.04%;0.14%;10.71MiB / 7.646GiB;12;221kB / 180kB;242kB / 28.7kB;223;5
Client_1;1.92%;0.20%;15.5MiB / 7.646GiB;18;190kB / 144kB;205kB / 795kB;223;5
Clients_Router_1;0.00%;0.01%;820KiB / 7.646GiB;2;241kB / 216kB;0B / 0B;223;5
Gateways_Router_1;0.00%;0.01%;828KiB / 7.646GiB;2;165kB / 135kB;0B / 0B;223;5
Gateway_1;44.03%;2.30%;180MiB / 7.646GiB;29;63.1kB / 85.8kB;0B / 16.4kB;231;5
Rpc;0.02%;0.14%;10.75MiB / 7.646GiB;12;230kB / 188kB;242kB / 28.7kB;231;5
Client_1;1.50%;0.20%;15.37MiB / 7.646GiB;18;196kB / 150kB;205kB / 807kB;231;5
Clients_Router_1;0.00%;0.01%;820KiB / 7.646GiB;2;251kB / 226kB;0B / 0B;231;5
Gateways_Router_1;0.00%;0.01%;828KiB / 7.646GiB;2;171kB / 141kB;0B / 0B;231;5
Gateway_1;42.09%;2.30%;180.1MiB / 7.646GiB;29;66.3kB / 89.5kB;0B / 16.4kB;239;6
Rpc;0.02%;0.14%;10.81MiB / 7.646GiB;12;239kB / 196kB;242kB / 28.7kB;239;6
Client_1;1.38%;0.20%;15.66MiB / 7.646GiB;18;204kB / 157kB;205kB / 971kB;239;6
Clients_Router_1;0.00%;0.01%;820KiB / 7.646GiB;2;262kB / 236kB;0B / 0B;239;6
Gateways_Router_1;0.00%;0.01%;828KiB / 7.646GiB;2;178kB / 148kB;0B / 0B;239;6
Gateway_1;42.79%;2.30%;180.2MiB / 7.646GiB;29;70kB / 93kB;0B / 16.4kB;247;6
Rpc;0.01%;0.14%;10.86MiB / 7.646GiB;12;248kB / 204kB;242kB / 28.7kB;247;6
Client_1;1.46%;0.19%;15.14MiB / 7.646GiB;18;212kB / 164kB;205kB / 983kB;247;6
Clients_Router_1;0.00%;0.01%;820KiB / 7.646GiB;2;274kB / 246kB;0B / 0B;247;6
Gateways_Router_1;0.00%;0.01%;828KiB / 7.646GiB;2;187kB / 154kB;0B / 0B;247;6
Gateway_1;43.47%;2.30%;180.4MiB / 7.646GiB;29;73kB / 96.6kB;0B / 16.4kB;254;6
Rpc;0.03%;0.14%;10.98MiB / 7.646GiB;12;256kB / 212kB;242kB / 28.7kB;254;6
Client_1;1.56%;0.20%;15.46MiB / 7.646GiB;18;219kB / 170kB;205kB / 995kB;254;6
Clients_Router_1;0.00%;0.01%;820KiB / 7.646GiB;2;284kB / 256kB;0B / 0B;254;6
Gateways_Router_1;0.00%;0.01%;828KiB / 7.646GiB;2;193kB / 160kB;0B / 0B;254;6
Gateway_1;43.99%;2.30%;180.4MiB / 7.646GiB;29;75.7kB / 100kB;0B / 16.4kB;262;6
Rpc;0.02%;0.14%;11.01MiB / 7.646GiB;12;265kB / 220kB;242kB / 28.7kB;262;6
Client_1;1.34%;0.19%;15.24MiB / 7.646GiB;18;227kB / 176kB;205kB / 1.01MB;262;6
Clients_Router_1;0.00%;0.01%;820KiB / 7.646GiB;2;294kB / 266kB;0B / 0B;262;6
Gateways_Router_1;0.00%;0.01%;828KiB / 7.646GiB;2;200kB / 167kB;0B / 0B;262;6
Gateway_1;42.94%;2.31%;180.6MiB / 7.646GiB;29;80.9kB / 106kB;0B / 16.4kB;270;6
Rpc;0.26%;0.14%;11.05MiB / 7.646GiB;12;279kB / 233kB;242kB / 28.7kB;270;6
Client_1;4.51%;0.20%;15.64MiB / 7.646GiB;18;237kB / 186kB;205kB / 1.2MB;270;6
Clients_Router_1;0.00%;0.01%;820KiB / 7.646GiB;2;310kB / 282kB;0B / 0B;270;6
Gateways_Router_1;0.00%;0.01%;828KiB / 7.646GiB;2;206kB / 173kB;0B / 0B;270;6
Gateway_1;46.93%;2.31%;180.7MiB / 7.646GiB;29;84.1kB / 111kB;0B / 16.4kB;278;6
Rpc;0.39%;0.13%;10.43MiB / 7.646GiB;12;290kB / 244kB;258kB / 28.7kB;278;6
Client_1;3.98%;0.20%;15.92MiB / 7.646GiB;18;248kB / 194kB;205kB / 1.22MB;278;6
Clients_Router_1;0.00%;0.01%;820KiB / 7.646GiB;2;325kB / 296kB;0B / 0B;278;6
Gateways_Router_1;0.00%;0.01%;828KiB / 7.646GiB;2;217kB / 184kB;0B / 0B;278;6
Gateway_1;43.73%;2.31%;181MiB / 7.646GiB;29;86.4kB / 113kB;0B / 16.4kB;286;5
Rpc;0.19%;0.14%;10.57MiB / 7.646GiB;12;298kB / 252kB;258kB / 28.7kB;286;5
Client_1;4.83%;0.20%;15.63MiB / 7.646GiB;18;255kB / 201kB;205kB / 1.23MB;286;5
Clients_Router_1;0.01%;0.01%;820KiB / 7.646GiB;2;335kB / 306kB;0B / 0B;286;5
Gateways_Router_1;0.00%;0.01%;828KiB / 7.646GiB;2;225kB / 192kB;0B / 0B;286;5
Gateway_1;44.76%;2.31%;181.2MiB / 7.646GiB;29;89.6kB / 118kB;0B / 16.4kB;293;5
Rpc;0.20%;0.14%;10.68MiB / 7.646GiB;12;307kB / 260kB;258kB / 28.7kB;293;5
Client_1;4.91%;0.20%;16.02MiB / 7.646GiB;18;263kB / 208kB;205kB / 1.44MB;293;5
Clients_Router_1;0.00%;0.01%;820KiB / 7.646GiB;2;345kB / 316kB;0B / 0B;293;5
Gateways_Router_1;0.01%;0.01%;828KiB / 7.646GiB;2;230kB / 197kB;0B / 0B;293;5
Gateway_1;41.94%;2.31%;181.1MiB / 7.646GiB;29;89.6kB / 118kB;0B / 16.4kB;301;5
Rpc;0.02%;0.14%;10.68MiB / 7.646GiB;12;307kB / 260kB;258kB / 28.7kB;301;5
Client_1;1.56%;0.20%;15.48MiB / 7.646GiB;18;263kB / 208kB;205kB / 1.44MB;301;5
Clients_Router_1;0.00%;0.01%;820KiB / 7.646GiB;2;345kB / 316kB;0B / 0B;301;5
Gateways_Router_1;0.00%;0.01%;828KiB / 7.646GiB;2;232kB / 199kB;0B / 0B;301;5
Gateway_1;45.29%;2.31%;181.3MiB / 7.646GiB;29;92.4kB / 122kB;0B / 16.4kB;309;5
Rpc;0.04%;0.14%;10.78MiB / 7.646GiB;12;315kB / 268kB;258kB / 28.7kB;309;5
Client_1;1.55%;0.20%;15.98MiB / 7.646GiB;18;270kB / 215kB;205kB / 1.45MB;309;5
Clients_Router_1;0.01%;0.01%;820KiB / 7.646GiB;2;355kB / 327kB;0B / 0B;309;5
Gateways_Router_1;0.00%;0.01%;828KiB / 7.646GiB;2;238kB / 205kB;0B / 0B;309;5
Gateway_1;43.51%;2.32%;181.4MiB / 7.646GiB;29;95.2kB / 125kB;0B / 16.4kB;317;5
Rpc;0.02%;0.14%;10.81MiB / 7.646GiB;12;324kB / 276kB;258kB / 28.7kB;317;5
Client_1;1.47%;0.20%;16.04MiB / 7.646GiB;18;277kB / 221kB;205kB / 1.47MB;317;5
Clients_Router_1;0.00%;0.01%;820KiB / 7.646GiB;2;365kB / 337kB;0B / 0B;317;5
Gateways_Router_1;0.00%;0.01%;828KiB / 7.646GiB;2;244kB / 211kB;0B / 0B;317;5
Gateway_1;43.29%;2.32%;181.4MiB / 7.646GiB;29;98kB / 129kB;0B / 16.4kB;324;6
Rpc;0.01%;0.14%;10.91MiB / 7.646GiB;12;332kB / 284kB;258kB / 28.7kB;324;6
Client_1;1.42%;0.20%;15.62MiB / 7.646GiB;18;285kB / 227kB;205kB / 1.48MB;324;6
Clients_Router_1;0.01%;0.01%;820KiB / 7.646GiB;2;375kB / 347kB;0B / 0B;324;6
Gateways_Router_1;0.00%;0.01%;828KiB / 7.646GiB;2;251kB / 218kB;0B / 0B;324;6
Gateway_1;44.38%;2.32%;181.5MiB / 7.646GiB;29;101kB / 133kB;0B / 16.4kB;332;6
Rpc;0.02%;0.14%;10.95MiB / 7.646GiB;12;341kB / 292kB;258kB / 28.7kB;332;6
Client_1;1.42%;0.20%;16.02MiB / 7.646GiB;18;292kB / 234kB;205kB / 1.71MB;332;6
Clients_Router_1;0.00%;0.01%;820KiB / 7.646GiB;2;385kB / 357kB;0B / 0B;332;6
Gateways_Router_1;0.00%;0.01%;828KiB / 7.646GiB;2;257kB / 224kB;0B / 0B;332;6
Gateway_1;43.56%;2.32%;181.7MiB / 7.646GiB;29;104kB / 136kB;0B / 16.4kB;340;6
Rpc;0.02%;0.14%;11.05MiB / 7.646GiB;12;349kB / 300kB;258kB / 28.7kB;340;6
Client_1;1.43%;0.21%;16.29MiB / 7.646GiB;18;299kB / 240kB;205kB / 1.72MB;340;6
Clients_Router_1;0.00%;0.01%;820KiB / 7.646GiB;2;395kB / 367kB;0B / 0B;340;6
Gateways_Router_1;0.00%;0.01%;828KiB / 7.646GiB;2;263kB / 231kB;0B / 0B;340;6
Gateway_1;40.92%;2.32%;181.7MiB / 7.646GiB;29;106kB / 140kB;0B / 16.4kB;348;6
Rpc;0.05%;0.14%;11.11MiB / 7.646GiB;12;357kB / 308kB;258kB / 28.7kB;348;6
Client_1;1.44%;0.21%;16.06MiB / 7.646GiB;18;306kB / 246kB;205kB / 1.73MB;348;6
Clients_Router_1;0.00%;0.01%;820KiB / 7.646GiB;2;406kB / 377kB;0B / 0B;348;6
Gateways_Router_1;0.00%;0.01%;828KiB / 7.646GiB;2;270kB / 237kB;0B / 0B;348;6
Gateway_1;44.63%;2.32%;181.8MiB / 7.646GiB;29;109kB / 143kB;0B / 16.4kB;356;6
Rpc;0.02%;0.14%;11.2MiB / 7.646GiB;12;366kB / 317kB;258kB / 28.7kB;356;6
Client_1;1.42%;0.21%;16.31MiB / 7.646GiB;18;313kB / 253kB;205kB / 1.74MB;356;6
Clients_Router_1;0.00%;0.01%;820KiB / 7.646GiB;2;416kB / 387kB;0B / 0B;356;6
Gateways_Router_1;0.00%;0.01%;828KiB / 7.646GiB;2;276kB / 243kB;0B / 0B;356;6
Gateway_1;43.09%;2.32%;181.9MiB / 7.646GiB;29;113kB / 147kB;0B / 16.4kB;363;6
Rpc;0.05%;0.14%;11.22MiB / 7.646GiB;12;375kB / 325kB;258kB / 28.7kB;363;6
Client_1;3.99%;0.20%;15.77MiB / 7.646GiB;18;321kB / 259kB;205kB / 2MB;363;6
Clients_Router_1;0.00%;0.01%;820KiB / 7.646GiB;2;427kB / 397kB;0B / 0B;363;6
Gateways_Router_1;0.00%;0.01%;828KiB / 7.646GiB;2;284kB / 250kB;0B / 0B;363;6
Gateway_1;40.48%;2.33%;182.1MiB / 7.646GiB;29;116kB / 151kB;0B / 16.4kB;371;5
Rpc;0.01%;0.14%;11.23MiB / 7.646GiB;12;384kB / 333kB;258kB / 28.7kB;371;5
Client_1;1.32%;0.20%;15.84MiB / 7.646GiB;18;329kB / 266kB;205kB / 2.01MB;371;5
Clients_Router_1;0.00%;0.01%;820KiB / 7.646GiB;2;438kB / 408kB;0B / 0B;371;5
Gateways_Router_1;0.00%;0.01%;828KiB / 7.646GiB;2;291kB / 256kB;0B / 0B;371;5
Gateway_1;44.34%;2.33%;182.1MiB / 7.646GiB;29;121kB / 158kB;0B / 16.4kB;379;6
Rpc;0.19%;0.14%;10.61MiB / 7.646GiB;12;401kB / 349kB;258kB / 28.7kB;379;6
Client_1;2.86%;0.21%;16.47MiB / 7.646GiB;18;339kB / 275kB;205kB / 2.04MB;379;6
Clients_Router_1;0.00%;0.01%;820KiB / 7.646GiB;2;458kB / 428kB;0B / 0B;379;6
Gateways_Router_1;0.00%;0.01%;828KiB / 7.646GiB;2;304kB / 269kB;0B / 0B;379;6
Gateway_1;44.42%;2.33%;182.3MiB / 7.646GiB;29;124kB / 162kB;0B / 16.4kB;387;6
Rpc;0.02%;0.14%;10.61MiB / 7.646GiB;12;409kB / 357kB;258kB / 28.7kB;387;6
Client_1;1.55%;0.20%;15.95MiB / 7.646GiB;18;349kB / 284kB;205kB / 2.31MB;387;6
Clients_Router_1;0.00%;0.01%;820KiB / 7.646GiB;2;468kB / 438kB;0B / 0B;387;6
Gateways_Router_1;0.00%;0.01%;828KiB / 7.646GiB;2;310kB / 275kB;0B / 0B;387;6
Gateway_1;42.44%;2.33%;182.4MiB / 7.646GiB;29;127kB / 165kB;0B / 16.4kB;394;6
Rpc;0.01%;0.14%;10.61MiB / 7.646GiB;12;417kB / 365kB;258kB / 28.7kB;394;6
Client_1;1.48%;0.20%;15.99MiB / 7.646GiB;18;356kB / 290kB;205kB / 2.32MB;394;6
Clients_Router_1;0.01%;0.01%;820KiB / 7.646GiB;2;478kB / 448kB;0B / 0B;394;6
Gateways_Router_1;0.00%;0.01%;828KiB / 7.646GiB;2;316kB / 282kB;0B / 0B;394;6
Gateway_1;43.72%;2.33%;182.6MiB / 7.646GiB;29;129kB / 169kB;0B / 16.4kB;402;6
Rpc;0.02%;0.14%;10.61MiB / 7.646GiB;12;426kB / 373kB;258kB / 28.7kB;402;6
Client_1;1.42%;0.22%;16.89MiB / 7.646GiB;18;364kB / 297kB;205kB / 2.33MB;402;6
Clients_Router_1;0.00%;0.01%;820KiB / 7.646GiB;2;488kB / 458kB;0B / 0B;402;6
Gateways_Router_1;0.00%;0.01%;828KiB / 7.646GiB;2;323kB / 288kB;0B / 0B;402;6
Gateway_1;41.99%;2.33%;182.5MiB / 7.646GiB;29;132kB / 172kB;0B / 16.4kB;410;5
Rpc;0.02%;0.14%;10.61MiB / 7.646GiB;12;434kB / 382kB;258kB / 28.7kB;410;5
Client_1;1.53%;0.21%;16.24MiB / 7.646GiB;18;371kB / 303kB;205kB / 2.35MB;410;5
Clients_Router_1;0.00%;0.01%;820KiB / 7.646GiB;2;499kB / 469kB;0B / 0B;410;5
Gateways_Router_1;0.00%;0.01%;828KiB / 7.646GiB;2;329kB / 295kB;0B / 0B;410;5
Gateway_1;43.93%;2.33%;182.6MiB / 7.646GiB;29;135kB / 176kB;0B / 16.4kB;418;5
Rpc;0.05%;0.14%;10.62MiB / 7.646GiB;12;443kB / 390kB;258kB / 28.7kB;418;5
Client_1;1.37%;0.22%;17.2MiB / 7.646GiB;18;378kB / 309kB;205kB / 2.65MB;418;5
Clients_Router_1;0.00%;0.01%;820KiB / 7.646GiB;2;509kB / 479kB;0B / 0B;418;5
Gateways_Router_1;0.00%;0.01%;828KiB / 7.646GiB;2;336kB / 301kB;0B / 0B;418;5
Gateway_1;43.10%;2.33%;182.7MiB / 7.646GiB;29;138kB / 180kB;0B / 16.4kB;426;6
Rpc;0.01%;0.14%;10.64MiB / 7.646GiB;12;451kB / 398kB;258kB / 28.7kB;426;6
Client_1;1.48%;0.21%;16.22MiB / 7.646GiB;18;385kB / 316kB;205kB / 2.66MB;426;6
Clients_Router_1;0.00%;0.01%;820KiB / 7.646GiB;2;519kB / 489kB;0B / 0B;426;6
Gateways_Router_1;0.00%;0.01%;828KiB / 7.646GiB;2;342kB / 307kB;0B / 0B;426;6
Gateway_1;44.03%;2.34%;182.9MiB / 7.646GiB;29;143kB / 187kB;0B / 16.4kB;433;5
Rpc;0.20%;0.14%;10.78MiB / 7.646GiB;12;468kB / 414kB;258kB / 28.7kB;433;5
Client_1;4.66%;0.22%;17.04MiB / 7.646GiB;18;399kB / 328kB;205kB / 2.68MB;433;5
Clients_Router_1;0.00%;0.01%;820KiB / 7.646GiB;2;539kB / 509kB;0B / 0B;433;5
Gateways_Router_1;0.00%;0.01%;828KiB / 7.646GiB;2;353kB / 318kB;0B / 0B;433;5
Gateway_1;43.27%;2.34%;183.2MiB / 7.646GiB;29;146kB / 190kB;0B / 16.4kB;441;5
Rpc;0.02%;0.14%;10.89MiB / 7.646GiB;12;476kB / 422kB;258kB / 28.7kB;441;5
Client_1;6.56%;0.21%;16.36MiB / 7.646GiB;18;407kB / 334kB;205kB / 3MB;441;5
Clients_Router_1;0.00%;0.01%;820KiB / 7.646GiB;2;550kB / 519kB;0B / 0B;441;5
Gateways_Router_1;0.00%;0.01%;828KiB / 7.646GiB;2;361kB / 326kB;0B / 0B;441;5
Gateway_1;45.32%;2.34%;183.2MiB / 7.646GiB;29;149kB / 194kB;0B / 16.4kB;449;6
Rpc;0.05%;0.14%;11.02MiB / 7.646GiB;12;484kB / 430kB;258kB / 28.7kB;449;6
Client_1;1.48%;0.21%;16.48MiB / 7.646GiB;18;414kB / 340kB;205kB / 3.01MB;449;6
Clients_Router_1;0.00%;0.01%;820KiB / 7.646GiB;2;559kB / 529kB;0B / 0B;449;6
Gateways_Router_1;0.01%;0.01%;828KiB / 7.646GiB;2;367kB / 333kB;0B / 0B;449;6
Gateway_1;32.32%;2.34%;183.3MiB / 7.646GiB;29;152kB / 198kB;16.4kB / 16.4kB;457;5
Rpc;0.01%;0.14%;11.19MiB / 7.646GiB;12;493kB / 438kB;258kB / 28.7kB;457;5
Client_1;1.20%;0.21%;16.63MiB / 7.646GiB;18;421kB / 347kB;205kB / 3.03MB;457;5
Clients_Router_1;0.01%;0.01%;820KiB / 7.646GiB;2;570kB / 539kB;0B / 0B;457;5
Gateways_Router_1;0.00%;0.01%;828KiB / 7.646GiB;2;374kB / 339kB;0B / 0B;457;5
Gateway_1;41.80%;2.34%;183.5MiB / 7.646GiB;29;157kB / 203kB;16.4kB / 16.4kB;464;12
Rpc;0.91%;0.15%;11.6MiB / 7.646GiB;12;507kB / 451kB;258kB / 28.7kB;464;12
Client_1;4.90%;0.21%;16.78MiB / 7.646GiB;18;431kB / 356kB;365kB / 3.38MB;464;12
Clients_Router_1;0.00%;0.01%;820KiB / 7.646GiB;2;585kB / 555kB;0B / 0B;464;12
Gateways_Router_1;0.00%;0.01%;828KiB / 7.646GiB;2;380kB / 346kB;0B / 0B;464;12
Gateway_1;40.99%;2.34%;183.6MiB / 7.646GiB;29;159kB / 207kB;16.4kB / 16.4kB;472;8
Rpc;0.36%;0.14%;10.83MiB / 7.646GiB;12;514kB / 458kB;258kB / 28.7kB;472;8
Client_1;2.36%;0.22%;17.28MiB / 7.646GiB;18;437kB / 362kB;365kB / 3.39MB;472;8
Clients_Router_1;0.00%;0.01%;820KiB / 7.646GiB;2;595kB / 564kB;0B / 0B;472;8
Gateways_Router_1;0.00%;0.01%;828KiB / 7.646GiB;2;387kB / 352kB;0B / 0B;472;8
Gateway_1;50.06%;2.35%;183.8MiB / 7.646GiB;29;163kB / 212kB;16.4kB / 16.4kB;480;9
Rpc;0.37%;0.14%;11.05MiB / 7.646GiB;12;527kB / 471kB;258kB / 28.7kB;480;9
Client_1;7.47%;0.22%;16.96MiB / 7.646GiB;18;449kB / 371kB;451kB / 3.4MB;480;9
Clients_Router_1;0.00%;0.01%;820KiB / 7.646GiB;2;610kB / 580kB;0B / 0B;480;9
Gateways_Router_1;0.00%;0.01%;828KiB / 7.646GiB;2;397kB / 363kB;0B / 0B;480;9
Gateway_1;39.82%;2.35%;184.1MiB / 7.646GiB;29;166kB / 216kB;16.4kB / 16.4kB;488;7
Rpc;0.04%;0.14%;11.1MiB / 7.646GiB;12;536kB / 479kB;258kB / 28.7kB;488;7
Client_1;1.33%;0.22%;17.43MiB / 7.646GiB;18;458kB / 378kB;516kB / 3.42MB;488;7
Clients_Router_1;0.00%;0.01%;820KiB / 7.646GiB;2;622kB / 590kB;0B / 0B;488;7
Gateways_Router_1;0.00%;0.01%;828KiB / 7.646GiB;2;408kB / 371kB;0B / 0B;488;7
Gateway_1;33.62%;2.35%;184MiB / 7.646GiB;29;170kB / 219kB;16.4kB / 16.4kB;496;11
Rpc;0.02%;0.14%;11.15MiB / 7.646GiB;12;545kB / 487kB;258kB / 28.7kB;496;11
Client_1;1.15%;0.22%;17.1MiB / 7.646GiB;18;465kB / 384kB;606kB / 3.78MB;496;11
Clients_Router_1;0.00%;0.01%;820KiB / 7.646GiB;2;633kB / 600kB;0B / 0B;496;11
Gateways_Router_1;0.00%;0.01%;828KiB / 7.646GiB;2;415kB / 378kB;0B / 0B;496;11
Gateway_1;40.91%;2.35%;184.1MiB / 7.646GiB;29;172kB / 223kB;16.4kB / 16.4kB;503;8
Rpc;0.05%;0.14%;11.2MiB / 7.646GiB;12;553kB / 495kB;258kB / 28.7kB;503;8
Client_1;1.82%;0.23%;17.95MiB / 7.646GiB;18;473kB / 391kB;606kB / 3.81MB;503;8
Clients_Router_1;0.00%;0.01%;820KiB / 7.646GiB;2;644kB / 610kB;0B / 0B;503;8
Gateways_Router_1;0.00%;0.01%;828KiB / 7.646GiB;2;422kB / 384kB;0B / 0B;503;8
Gateway_1;38.03%;2.35%;184.2MiB / 7.646GiB;29;178kB / 228kB;16.4kB / 16.4kB;511;9
Rpc;0.26%;0.14%;11.2MiB / 7.646GiB;12;570kB / 511kB;258kB / 28.7kB;511;9
Client_1;6.00%;0.23%;17.7MiB / 7.646GiB;18;486kB / 402kB;606kB / 3.82MB;511;9
Clients_Router_1;0.00%;0.01%;820KiB / 7.646GiB;2;664kB / 630kB;0B / 0B;511;9
Gateways_Router_1;0.00%;0.01%;828KiB / 7.646GiB;2;434kB / 397kB;0B / 0B;511;9
Gateway_1;39.14%;2.35%;184.4MiB / 7.646GiB;29;181kB / 234kB;16.4kB / 16.4kB;519;9
Rpc;0.33%;0.14%;11.2MiB / 7.646GiB;12;579kB / 519kB;258kB / 28.7kB;519;9
Client_1;1.41%;0.23%;18.04MiB / 7.646GiB;18;493kB / 409kB;606kB / 4.21MB;519;9
Clients_Router_1;0.00%;0.01%;820KiB / 7.646GiB;2;674kB / 641kB;0B / 0B;519;9
Gateways_Router_1;0.00%;0.01%;828KiB / 7.646GiB;2;441kB / 403kB;0B / 0B;519;9
Gateway_1;38.87%;2.36%;184.6MiB / 7.646GiB;29;184kB / 237kB;16.4kB / 16.4kB;527;13
Rpc;0.02%;0.14%;11.2MiB / 7.646GiB;12;587kB / 528kB;258kB / 28.7kB;527;13
Client_1;1.26%;0.22%;17.16MiB / 7.646GiB;18;501kB / 415kB;606kB / 4.22MB;527;13
Clients_Router_1;0.00%;0.01%;820KiB / 7.646GiB;2;684kB / 651kB;0B / 0B;527;13
Gateways_Router_1;0.00%;0.01%;828KiB / 7.646GiB;2;447kB / 409kB;0B / 0B;527;13
Gateway_1;43.29%;2.36%;184.7MiB / 7.646GiB;29;187kB / 241kB;16.4kB / 16.4kB;534;6
Rpc;0.01%;0.14%;11.22MiB / 7.646GiB;12;596kB / 536kB;258kB / 28.7kB;534;6
Client_1;1.49%;0.22%;17.53MiB / 7.646GiB;18;508kB / 422kB;606kB / 4.23MB;534;6
Clients_Router_1;0.00%;0.01%;820KiB / 7.646GiB;2;694kB / 661kB;0B / 0B;534;6
Gateways_Router_1;0.00%;0.01%;828KiB / 7.646GiB;2;454kB / 416kB;0B / 0B;534;6
Gateway_1;35.57%;2.36%;184.7MiB / 7.646GiB;29;189kB / 244kB;16.4kB / 16.4kB;542;7
Rpc;0.01%;0.14%;11.32MiB / 7.646GiB;12;604kB / 543kB;258kB / 28.7kB;542;7
Client_1;1.20%;0.22%;17.24MiB / 7.646GiB;18;515kB / 428kB;606kB / 4.24MB;542;7
Clients_Router_1;0.00%;0.01%;820KiB / 7.646GiB;2;704kB / 671kB;0B / 0B;542;7
Gateways_Router_1;0.00%;0.01%;828KiB / 7.646GiB;2;460kB / 422kB;0B / 0B;542;7
Gateway_1;46.60%;2.36%;185.1MiB / 7.646GiB;29;195kB / 250kB;213kB / 16.4kB;550;7
Rpc;0.37%;0.15%;11.62MiB / 7.646GiB;12;618kB / 556kB;258kB / 28.7kB;550;7
Client_1;2.84%;0.23%;17.66MiB / 7.646GiB;18;525kB / 438kB;680kB / 4.67MB;550;7
Clients_Router_1;0.00%;0.01%;820KiB / 7.646GiB;2;720kB / 686kB;0B / 0B;550;7
Gateways_Router_1;0.00%;0.01%;828KiB / 7.646GiB;2;466kB / 429kB;0B / 0B;550;7
Gateway_1;42.91%;2.36%;185.1MiB / 7.646GiB;29;198kB / 255kB;213kB / 16.4kB;558;7
Rpc;0.21%;0.14%;10.88MiB / 7.646GiB;12;629kB / 568kB;258kB / 28.7kB;558;7
Client_1;6.87%;0.22%;17.57MiB / 7.646GiB;18;535kB / 446kB;680kB / 4.68MB;558;7
Clients_Router_1;0.01%;0.01%;820KiB / 7.646GiB;2;735kB / 701kB;0B / 0B;558;7
Gateways_Router_1;0.00%;0.01%;828KiB / 7.646GiB;2;477kB / 439kB;0B / 0B;558;7
Gateway_1;47.22%;2.37%;185.2MiB / 7.646GiB;29;200kB / 259kB;213kB / 16.4kB;566;6
Rpc;0.26%;0.14%;10.94MiB / 7.646GiB;12;634kB / 573kB;258kB / 28.7kB;566;6
Client_1;5.36%;0.22%;17.41MiB / 7.646GiB;18;543kB / 453kB;680kB / 4.69MB;566;6
Clients_Router_1;0.01%;0.01%;820KiB / 7.646GiB;2;745kB / 712kB;0B / 0B;566;6
Gateways_Router_1;0.00%;0.01%;828KiB / 7.646GiB;2;485kB / 448kB;0B / 0B;566;6
Gateway_1;43.18%;2.37%;185.5MiB / 7.646GiB;29;203kB / 262kB;213kB / 16.4kB;573;5
Rpc;0.04%;0.14%;11.07MiB / 7.646GiB;12;646kB / 584kB;258kB / 28.7kB;573;5
Client_1;1.43%;0.23%;18.07MiB / 7.646GiB;18;550kB / 459kB;680kB / 5.12MB;573;5
Clients_Router_1;0.00%;0.01%;820KiB / 7.646GiB;2;755kB / 722kB;0B / 0B;573;5
Gateways_Router_1;0.00%;0.01%;828KiB / 7.646GiB;2;492kB / 454kB;0B / 0B;573;5
Gateway_1;38.73%;2.37%;185.5MiB / 7.646GiB;29;206kB / 266kB;213kB / 16.4kB;581;14
Rpc;0.02%;0.14%;11.12MiB / 7.646GiB;12;654kB / 592kB;258kB / 28.7kB;581;14
Client_1;1.45%;0.23%;18.02MiB / 7.646GiB;18;557kB / 465kB;680kB / 5.13MB;581;14
Clients_Router_1;0.00%;0.01%;820KiB / 7.646GiB;2;765kB / 732kB;0B / 0B;581;14
Gateways_Router_1;0.00%;0.01%;828KiB / 7.646GiB;2;498kB / 460kB;0B / 0B;581;14
Gateway_1;43.17%;2.37%;185.8MiB / 7.646GiB;29;209kB / 270kB;213kB / 16.4kB;589;12
Rpc;0.02%;0.14%;11.16MiB / 7.646GiB;12;663kB / 600kB;258kB / 28.7kB;589;12
Client_1;1.43%;0.23%;17.98MiB / 7.646GiB;18;564kB / 472kB;680kB / 5.14MB;589;12
Clients_Router_1;0.00%;0.01%;820KiB / 7.646GiB;2;775kB / 742kB;0B / 0B;589;12
Gateways_Router_1;0.00%;0.01%;828KiB / 7.646GiB;2;505kB / 467kB;0B / 0B;589;12
Gateway_1;40.60%;2.37%;185.7MiB / 7.646GiB;29;212kB / 273kB;213kB / 16.4kB;597;7
Rpc;0.01%;0.14%;11.16MiB / 7.646GiB;12;671kB / 608kB;258kB / 28.7kB;597;7
Client_1;1.34%;0.22%;17.57MiB / 7.646GiB;18;572kB / 478kB;680kB / 5.16MB;597;7
Clients_Router_1;0.01%;0.01%;820KiB / 7.646GiB;2;786kB / 752kB;0B / 0B;597;7
Gateways_Router_1;0.00%;0.01%;828KiB / 7.646GiB;2;511kB / 473kB;0B / 0B;597;7
Gateway_1;40.99%;2.37%;185.8MiB / 7.646GiB;29;215kB / 277kB;213kB / 16.4kB;604;8
Rpc;0.05%;0.14%;11.2MiB / 7.646GiB;12;680kB / 616kB;258kB / 28.7kB;604;8
Client_1;1.37%;0.22%;17.54MiB / 7.646GiB;18;580kB / 485kB;680kB / 5.61MB;604;8
Clients_Router_1;0.01%;0.01%;820KiB / 7.646GiB;2;797kB / 762kB;0B / 0B;604;8
Gateways_Router_1;0.00%;0.01%;828KiB / 7.646GiB;2;519kB / 480kB;0B / 0B;604;8
Gateway_1;37.34%;2.37%;185.8MiB / 7.646GiB;29;220kB / 282kB;213kB / 16.4kB;612;12
Rpc;0.01%;0.14%;11.27MiB / 7.646GiB;12;694kB / 629kB;258kB / 28.7kB;612;12
Client_1;1.41%;0.23%;18.13MiB / 7.646GiB;18;590kB / 495kB;680kB / 5.64MB;612;12
Clients_Router_1;0.00%;0.01%;820KiB / 7.646GiB;2;813kB / 778kB;0B / 0B;612;12
Gateways_Router_1;0.00%;0.01%;828KiB / 7.646GiB;2;530kB / 490kB;0B / 0B;612;12
Gateway_1;43.84%;2.37%;185.9MiB / 7.646GiB;29;224kB / 288kB;213kB / 16.4kB;620;15
Rpc;0.01%;0.14%;11.27MiB / 7.646GiB;12;706kB / 640kB;258kB / 28.7kB;620;15
Client_1;1.41%;0.23%;17.86MiB / 7.646GiB;18;600kB / 503kB;680kB / 5.65MB;620;15
Clients_Router_1;0.00%;0.01%;820KiB / 7.646GiB;2;828kB / 792kB;0B / 0B;620;15
Gateways_Router_1;0.00%;0.01%;828KiB / 7.646GiB;2;538kB / 499kB;0B / 0B;620;15
Gateway_1;43.54%;2.38%;186MiB / 7.646GiB;29;226kB / 291kB;213kB / 16.4kB;628;10
Rpc;0.04%;0.15%;11.38MiB / 7.646GiB;12;714kB / 649kB;258kB / 28.7kB;628;10
Client_1;1.54%;0.23%;18.17MiB / 7.646GiB;18;607kB / 510kB;680kB / 6.12MB;628;10
Clients_Router_1;0.00%;0.01%;820KiB / 7.646GiB;2;838kB / 803kB;0B / 0B;628;10
Gateways_Router_1;0.00%;0.01%;828KiB / 7.646GiB;2;545kB / 505kB;0B / 0B;628;10
Gateway_1;43.22%;2.38%;186MiB / 7.646GiB;29;232kB / 297kB;213kB / 16.4kB;636;8
Rpc;3.63%;0.14%;11.12MiB / 7.646GiB;12;728kB / 661kB;324kB / 28.7kB;636;8
Client_1;4.85%;0.23%;18.3MiB / 7.646GiB;18;617kB / 519kB;680kB / 6.15MB;636;8
Clients_Router_1;0.00%;0.01%;820KiB / 7.646GiB;2;853kB / 818kB;0B / 0B;636;8
Gateways_Router_1;0.00%;0.01%;828KiB / 7.646GiB;2;551kB / 512kB;0B / 0B;636;8
Gateway_1;43.98%;2.38%;186.2MiB / 7.646GiB;29;234kB / 301kB;213kB / 16.4kB;643;6
Rpc;0.26%;0.14%;10.82MiB / 7.646GiB;12;740kB / 673kB;324kB / 28.7kB;643;6
Client_1;7.70%;0.23%;17.94MiB / 7.646GiB;18;629kB / 528kB;680kB / 6.16MB;643;6
Clients_Router_1;0.00%;0.01%;820KiB / 7.646GiB;2;868kB / 833kB;0B / 0B;643;6
Gateways_Router_1;0.00%;0.01%;828KiB / 7.646GiB;2;564kB / 524kB;0B / 0B;643;6
Gateway_1;45.40%;2.38%;186.3MiB / 7.646GiB;29;237kB / 306kB;213kB / 16.4kB;651;9
Rpc;0.27%;0.14%;10.89MiB / 7.646GiB;12;748kB / 681kB;324kB / 28.7kB;651;9
Client_1;6.98%;0.23%;17.99MiB / 7.646GiB;18;636kB / 534kB;680kB / 6.66MB;651;9
Clients_Router_1;0.00%;0.01%;820KiB / 7.646GiB;2;878kB / 843kB;0B / 0B;651;9
Gateways_Router_1;0.00%;0.01%;828KiB / 7.646GiB;2;568kB / 529kB;0B / 0B;651;9
Gateway_1;42.50%;2.38%;186.6MiB / 7.646GiB;29;240kB / 309kB;213kB / 16.4kB;659;6
Rpc;0.02%;0.14%;10.91MiB / 7.646GiB;12;757kB / 689kB;324kB / 28.7kB;659;6
Client_1;1.55%;0.23%;18.05MiB / 7.646GiB;18;643kB / 541kB;680kB / 6.67MB;659;6
Clients_Router_1;0.00%;0.01%;820KiB / 7.646GiB;2;888kB / 853kB;0B / 0B;659;6
Gateways_Router_1;0.01%;0.01%;828KiB / 7.646GiB;2;577kB / 537kB;0B / 0B;659;6
Gateway_1;41.96%;2.38%;186.6MiB / 7.646GiB;29;243kB / 313kB;213kB / 16.4kB;667;6
Rpc;0.02%;0.14%;10.97MiB / 7.646GiB;12;765kB / 697kB;324kB / 28.7kB;667;6
Client_1;1.48%;0.23%;18.06MiB / 7.646GiB;18;651kB / 547kB;680kB / 6.68MB;667;6
Clients_Router_1;0.00%;0.01%;820KiB / 7.646GiB;2;898kB / 863kB;0B / 0B;667;6
Gateways_Router_1;0.00%;0.01%;828KiB / 7.646GiB;2;583kB / 543kB;0B / 0B;667;6
Gateway_1;39.46%;2.38%;186.7MiB / 7.646GiB;29;246kB / 317kB;213kB / 16.4kB;674;7
Rpc;0.02%;0.14%;11.03MiB / 7.646GiB;12;773kB / 705kB;324kB / 28.7kB;674;7
Client_1;1.41%;0.23%;17.89MiB / 7.646GiB;18;658kB / 554kB;680kB / 6.69MB;674;7
Clients_Router_1;0.00%;0.01%;820KiB / 7.646GiB;2;909kB / 874kB;0B / 0B;674;7
Gateways_Router_1;0.00%;0.01%;828KiB / 7.646GiB;2;589kB / 550kB;0B / 0B;674;7
Gateway_1;40.96%;2.38%;186.7MiB / 7.646GiB;29;249kB / 320kB;213kB / 16.4kB;682;12
Rpc;0.03%;0.14%;11.05MiB / 7.646GiB;12;782kB / 713kB;324kB / 28.7kB;682;12
Client_1;1.39%;0.23%;18.07MiB / 7.646GiB;18;665kB / 560kB;680kB / 7.21MB;682;12
Clients_Router_1;0.00%;0.01%;820KiB / 7.646GiB;2;919kB / 884kB;0B / 0B;682;12
Gateways_Router_1;0.00%;0.01%;828KiB / 7.646GiB;2;596kB / 556kB;0B / 0B;682;12
Gateway_1;43.41%;2.39%;186.9MiB / 7.646GiB;29;254kB / 326kB;213kB / 16.4kB;690;8
Rpc;0.02%;0.14%;11.09MiB / 7.646GiB;12;790kB / 721kB;324kB / 28.7kB;690;8
Client_1;5.06%;0.23%;17.98MiB / 7.646GiB;18;675kB / 569kB;680kB / 7.24MB;690;8
Clients_Router_1;0.00%;0.01%;820KiB / 7.646GiB;2;934kB / 899kB;0B / 0B;690;8
Gateways_Router_1;0.00%;0.01%;828KiB / 7.646GiB;2;607kB / 567kB;0B / 0B;690;8
Gateway_1;43.26%;2.39%;187MiB / 7.646GiB;29;257kB / 331kB;213kB / 16.4kB;698;8
Rpc;0.01%;0.14%;11.11MiB / 7.646GiB;12;804kB / 734kB;324kB / 28.7kB;698;8
Client_1;5.15%;0.24%;18.47MiB / 7.646GiB;18;687kB / 578kB;680kB / 7.25MB;698;8
Clients_Router_1;0.00%;0.01%;820KiB / 7.646GiB;2;949kB / 914kB;0B / 0B;698;8
Gateways_Router_1;0.00%;0.01%;828KiB / 7.646GiB;2;615kB / 575kB;0B / 0B;698;8
Gateway_1;42.19%;2.39%;187.1MiB / 7.646GiB;29;260kB / 334kB;213kB / 16.4kB;706;9
Rpc;0.02%;0.14%;11.19MiB / 7.646GiB;12;815kB / 746kB;324kB / 28.7kB;706;9
Client_1;5.90%;0.23%;18.16MiB / 7.646GiB;18;694kB / 585kB;680kB / 7.79MB;706;9
Clients_Router_1;0.00%;0.01%;820KiB / 7.646GiB;2;959kB / 924kB;0B / 0B;706;9
Gateways_Router_1;0.00%;0.01%;828KiB / 7.646GiB;2;621kB / 582kB;0B / 0B;706;9
Gateway_1;42.62%;2.39%;187.3MiB / 7.646GiB;29;263kB / 338kB;213kB / 16.4kB;713;6
Rpc;0.05%;0.14%;11.3MiB / 7.646GiB;12;824kB / 754kB;324kB / 28.7kB;713;6
Client_1;1.56%;0.24%;18.44MiB / 7.646GiB;18;702kB / 591kB;680kB / 7.81MB;713;6
Clients_Router_1;0.00%;0.01%;820KiB / 7.646GiB;2;969kB / 934kB;0B / 0B;713;6
Gateways_Router_1;0.00%;0.01%;828KiB / 7.646GiB;2;628kB / 588kB;0B / 0B;713;6
Gateway_1;42.74%;2.39%;187.3MiB / 7.646GiB;29;265kB / 342kB;213kB / 16.4kB;721;9
Rpc;0.01%;0.15%;11.47MiB / 7.646GiB;12;832kB / 762kB;324kB / 28.7kB;721;9
Client_1;1.49%;0.23%;18.11MiB / 7.646GiB;18;709kB / 597kB;680kB / 7.82MB;721;9
Clients_Router_1;0.00%;0.01%;820KiB / 7.646GiB;2;980kB / 944kB;0B / 0B;721;9
Gateways_Router_1;0.00%;0.01%;828KiB / 7.646GiB;2;634kB / 595kB;0B / 0B;721;9
Gateway_1;41.41%;2.39%;187.4MiB / 7.646GiB;29;269kB / 345kB;213kB / 16.4kB;729;9
Rpc;0.02%;0.14%;10.86MiB / 7.646GiB;12;841kB / 770kB;324kB / 28.7kB;729;9
Client_1;1.42%;0.23%;18.19MiB / 7.646GiB;18;717kB / 604kB;680kB / 7.83MB;729;9
Clients_Router_1;0.00%;0.01%;820KiB / 7.646GiB;2;991kB / 954kB;0B / 0B;729;9
Gateways_Router_1;0.00%;0.01%;828KiB / 7.646GiB;2;642kB / 601kB;0B / 0B;729;9
Gateway_1;45.39%;2.40%;187.6MiB / 7.646GiB;29;274kB / 351kB;213kB / 16.4kB;737;5
Rpc;0.01%;0.14%;11.03MiB / 7.646GiB;12;855kB / 782kB;324kB / 28.7kB;737;5
Client_1;1.55%;0.24%;18.62MiB / 7.646GiB;18;726kB / 613kB;680kB / 8.41MB;737;5
Clients_Router_1;0.00%;0.01%;820KiB / 7.646GiB;2;1.01MB / 969kB;0B / 0B;737;5
Gateways_Router_1;0.00%;0.01%;828KiB / 7.646GiB;2;653kB / 612kB;0B / 0B;737;5
Gateway_1;42.68%;2.40%;187.7MiB / 7.646GiB;29;277kB / 356kB;213kB / 16.4kB;744;5
Rpc;0.02%;0.14%;11.14MiB / 7.646GiB;12;866kB / 794kB;324kB / 28.7kB;744;5
Client_1;1.52%;0.23%;18.28MiB / 7.646GiB;18;737kB / 622kB;680kB / 8.42MB;744;5
Clients_Router_1;0.00%;0.01%;820KiB / 7.646GiB;2;1.02MB / 984kB;0B / 0B;744;5
Gateways_Router_1;0.00%;0.01%;828KiB / 7.646GiB;2;661kB / 620kB;0B / 0B;744;5
Gateway_1;44.48%;2.40%;187.6MiB / 7.646GiB;29;280kB / 360kB;213kB / 16.4kB;752;5
Rpc;0.01%;0.14%;11.2MiB / 7.646GiB;12;875kB / 802kB;324kB / 28.7kB;752;5
Client_1;1.46%;0.23%;18.25MiB / 7.646GiB;18;744kB / 628kB;680kB / 8.43MB;752;5
Clients_Router_1;0.00%;0.01%;820KiB / 7.646GiB;2;1.03MB / 994kB;0B / 0B;752;5
Gateways_Router_1;0.00%;0.01%;828KiB / 7.646GiB;2;668kB / 626kB;0B / 0B;752;5
Gateway_1;42.78%;2.40%;187.7MiB / 7.646GiB;29;283kB / 363kB;213kB / 16.4kB;760;6
Rpc;0.03%;0.14%;11.23MiB / 7.646GiB;12;883kB / 810kB;324kB / 28.7kB;760;6
Client_1;1.56%;0.25%;19.32MiB / 7.646GiB;18;751kB / 634kB;680kB / 9.02MB;760;6
Clients_Router_1;0.00%;0.01%;820KiB / 7.646GiB;2;1.04MB / 1MB;0B / 0B;760;6
Gateways_Router_1;0.00%;0.01%;828KiB / 7.646GiB;2;674kB / 633kB;0B / 0B;760;6
Gateway_1;42.91%;2.40%;187.9MiB / 7.646GiB;29;286kB / 367kB;213kB / 16.4kB;768;5
Rpc;0.07%;0.14%;11.27MiB / 7.646GiB;12;892kB / 818kB;324kB / 28.7kB;768;5
Client_1;1.52%;0.25%;19.29MiB / 7.646GiB;18;758kB / 641kB;680kB / 9.03MB;768;5
Clients_Router_1;0.00%;0.01%;820KiB / 7.646GiB;2;1.05MB / 1.01MB;0B / 0B;768;5
Gateways_Router_1;0.00%;0.01%;828KiB / 7.646GiB;2;680kB / 639kB;0B / 0B;768;5
Gateway_1;41.05%;2.40%;187.9MiB / 7.646GiB;29;291kB / 373kB;213kB / 16.4kB;776;5
Rpc;0.28%;0.14%;11.27MiB / 7.646GiB;12;905kB / 830kB;324kB / 28.7kB;776;5
Client_1;4.22%;0.24%;18.73MiB / 7.646GiB;18;769kB / 651kB;680kB / 9.06MB;776;5
Clients_Router_1;0.00%;0.01%;820KiB / 7.646GiB;2;1.07MB / 1.03MB;0B / 0B;776;5
Gateways_Router_1;0.00%;0.01%;828KiB / 7.646GiB;2;687kB / 646kB;0B / 0B;776;5
Gateway_1;46.39%;2.40%;188MiB / 7.646GiB;29;294kB / 378kB;213kB / 16.4kB;783;5
Rpc;0.05%;0.14%;11.28MiB / 7.646GiB;12;917kB / 842kB;324kB / 28.7kB;783;5
Client_1;6.73%;0.24%;18.98MiB / 7.646GiB;18;779kB / 659kB;680kB / 9.66MB;783;5
Clients_Router_1;0.00%;0.01%;820KiB / 7.646GiB;2;1.08MB / 1.04MB;0B / 0B;783;5
Gateways_Router_1;0.00%;0.01%;828KiB / 7.646GiB;2;700kB / 658kB;0B / 0B;783;5
Gateway_1;40.95%;2.40%;188.1MiB / 7.646GiB;29;297kB / 382kB;213kB / 16.4kB;791;7
Rpc;0.01%;0.14%;11.28MiB / 7.646GiB;12;925kB / 850kB;324kB / 28.7kB;791;7
Client_1;1.46%;0.24%;19.11MiB / 7.646GiB;18;787kB / 665kB;680kB / 9.67MB;791;7
Clients_Router_1;0.00%;0.01%;820KiB / 7.646GiB;2;1.09MB / 1.05MB;0B / 0B;791;7
Gateways_Router_1;0.00%;0.01%;828KiB / 7.646GiB;2;706kB / 665kB;0B / 0B;791;7
Gateway_1;0.00%;0.00%;0B / 0B;0;0B / 0B;0B / 0B;799;6
Rpc;0.02%;0.14%;11.3MiB / 7.646GiB;12;931kB / 855kB;324kB / 28.7kB;799;6
Client_1;2.08%;0.25%;19.27MiB / 7.646GiB;18;791kB / 670kB;680kB / 9.69MB;799;6
Clients_Router_1;0.00%;0.01%;820KiB / 7.646GiB;2;1.1MB / 1.06MB;0B / 0B;799;6
Gateways_Router_1;0.00%;0.01%;828KiB / 7.646GiB;2;711kB / 669kB;0B / 0B;799;6
